Workbook

Sheet Painel
D2: XBOX SALES | V2: Samuel B. Lira
D4: Assinaturas, adicionais e desempenho
S6: =HYPERLINK("#'Calculos'!A1","Cálculos") -> Cálculos | W6: =HYPERLINK("#'Base'!A1","Ver base") -> Ver base
B7: Data inicial | G7: Data final | L7: Plano | Q7: Tipo de assinatura | V7: Renovação automática
B8: 45292 | G8: 45657 | L8: Todos | Q8: Todos | V8: Todas
B10: =IF(Calculos!P3=0,"Revise as datas e as opções dos filtros.",IF(Calculos!P6=0,"Nenhuma assinatura encontrada neste recorte.","Dados de 2024. Altere os campos acima para explorar o recorte. Yes = habilitada; No = desabilitada.")) -> Dados de 2024. Altere os campos acima para explorar o recorte. Yes = habilitada; No = desabilitada.
M13: Renovação auto. | U13: Valor dos cupons
D14: Total registrado
L15: =Calculos!P9 -> 0.50169492 | T15: =Calculos!P14 -> 2122
C17: =Calculos!P7 -> 7633
K20: Evolução do valor registrado em 2024
C22: Assinaturas | G22: Ticket médio | U22: Adicionais
C23: =Calculos!P6 -> 295 | G23: =Calculos!P8 -> 25.874576
T25: EA Play
C26: Plano + adicionais − cupons | T26: =Calculos!P12 -> 2940
C29: Planos por valor registrado | T29: Minecraft
T30: =Calculos!P13 -> 3880
T33: =IF(Calculos!P3=0,"n.a.",IF(Calculos!P10=0,"n.a.",TEXT(Calculos!P16,"0.0%")&" do bruto")) -> 69.9% do bruto
K36: Composição antes dos cupons
U39: Uso de cupons
T42: =Calculos!P17 -> 0.82711864
T46: Percentual de assinaturas do recorte com cupom aplicado.
D47: Compare o recorte pelos filtros de período, plano, tipo e renovação.
B53: Base didática DIO. Valores pela data de início, sem projeção de cobrança recorrente. Janeiro, fevereiro e dezembro têm cobertura parcial.

Sheet Calculos
A1: Cálculos e recorte selecionado
A3: =HYPERLINK("#'Painel'!B3","Voltar ao painel") -> Voltar ao painel | O3: Filtros válidos? | P3: =IF(AND(ISNUMBER(Painel!B8),ISNUMBER(Painel!G8),Painel!B8<=Painel!G8,OR(Painel!L8="Todos",Painel!L8="Core",Painel!L8="Standard",Painel!L8="Ultimate"),OR(Painel!Q8="Todos",Painel!Q8="Monthly",Painel!Q8="Quarterly",Painel!Q8="Annual"),OR(Painel!V8="Todas",Painel!V8="Yes",Painel!V8="No")),1,0) -> 1
A4: 1 indica registro incluído. Os valores dos adicionais são brutos; não há rateio de cupons entre produtos.
A6: ID | B6: Início | C6: Plano | D6: Tipo | E6: Renovação | F6: EA normalizado | G6: Bruto | H6: Cupons | I6: Total calculado | J6: Total informado | K6: Incluído? | L6: Diferença | M6: ID repetido? | N6: Divergência? | O6: Assinaturas | P6: =IF($P$3=0,"n.a.",SUM(K7:K1006)) -> 295
A7: =IF(LEN(Base!A7&"")=0,"",Base!A7) -> 3231 | B7: =IF(LEN(A7&"")=0,"",Base!D7) -> 45292 | C7: =IF(LEN(A7&"")=0,"",Base!C7) -> Ultimate | D7: =IF(LEN(A7&"")=0,"",Base!G7) -> Monthly | E7: =IF(LEN(A7&"")=0,"",Base!E7) -> Yes | F7: =IF(LEN(A7&"")=0,"",IF(Base!I7="-",0,Base!I7)) -> 30 | G7: =IF(LEN(A7&"")=0,"",SUM(Base!F7,F7,Base!K7)) -> 65 | H7: =IF(LEN(A7&"")=0,"",Base!L7) -> 5 | I7: =IF(LEN(A7&"")=0,"",G7-H7) -> 60 | J7: =IF(LEN(A7&"")=0,"",Base!M7) -> 60 | K7: =IF(OR(LEN(A7&"")=0,$P$3=0),0,IF(AND(B7>=Painel!$B$8,B7<=Painel!$G$8,OR(Painel!$L$8="Todos",C7=Painel!$L$8),OR(Painel!$Q$8="Todos",D7=Painel!$Q$8),OR(Painel!$V$8="Todas",E7=Painel!$V$8)),1,0)) -> 1 | L7: =IF(LEN(A7&"")=0,"",J7-I7) -> 0 | M7: =IF(LEN(A7&"")=0,0,IF(COUNTIFS(Base!$A$7:$A$1006,A7)>1,1,0)) -> 0 | N7: =IF(LEN(A7&"")=0,0,IF(ABS(L7)>0.005,1,0)) -> 0 | O7: Total registrado | P7: =IF($P$3=0,"n.a.",SUMIFS(J7:J1006,K7:K1006,1)) -> 7633
A8: =IF(LEN(Base!A8&"")=0,"",Base!A8) -> 3232 | B8: =IF(LEN(A8&"")=0,"",Base!D8) -> 45306 | C8: =IF(LEN(A8&"")=0,"",Base!C8) -> Core | D8: =IF(LEN(A8&"")=0,"",Base!G8) -> Annual | E8: =IF(LEN(A8&"")=0,"",Base!E8) -> No | F8: =IF(LEN(A8&"")=0,"",IF(Base!I8="-",0,Base!I8)) -> 0 | G8: =IF(LEN(A8&"")=0,"",SUM(Base!F8,F8,Base!K8)) -> 5 | H8: =IF(LEN(A8&"")=0,"",Base!L8) -> 0 | I8: =IF(LEN(A8&"")=0,"",G8-H8) -> 5 | J8: =IF(LEN(A8&"")=0,"",Base!M8) -> 5 | K8: =IF(OR(LEN(A8&"")=0,$P$3=0),0,IF(AND(B8>=Painel!$B$8,B8<=Painel!$G$8,OR(Painel!$L$8="Todos",C8=Painel!$L$8),OR(Painel!$Q$8="Todos",D8=Painel!$Q$8),OR(Painel!$V$8="Todas",E8=Painel!$V$8)),1,0)) -> 1 | L8: =IF(LEN(A8&"")=0,"",J8-I8) -> 0 | M8: =IF(LEN(A8&"")=0,0,IF(COUNTIFS(Base!$A$7:$A$1006,A8)>1,1,0)) -> 0 | N8: =IF(LEN(A8&"")=0,0,IF(ABS(L8)>0.005,1,0)) -> 0 | O8: Ticket médio | P8: =IF($P$3=0,"n.a.",IF(P6=0,"n.a.",P7/P6)) -> 25.874576
A9: =IF(LEN(Base!A9&"")=0,"",Base!A9) -> 3233 | B9: =IF(LEN(A9&"")=0,"",Base!D9) -> 45332 | C9: =IF(LEN(A9&"")=0,"",Base!C9) -> Standard | D9: =IF(LEN(A9&"")=0,"",Base!G9) -> Quarterly | E9: =IF(LEN(A9&"")=0,"",Base!E9) -> Yes | F9: =IF(LEN(A9&"")=0,"",IF(Base!I9="-",0,Base!I9)) -> 0 | G9: =IF(LEN(A9&"")=0,"",SUM(Base!F9,F9,Base!K9)) -> 30 | H9: =IF(LEN(A9&"")=0,"",Base!L9) -> 10 | I9: =IF(LEN(A9&"")=0,"",G9-H9) -> 20 | J9: =IF(LEN(A9&"")=0,"",Base!M9) -> 20 | K9: =IF(OR(LEN(A9&"")=0,$P$3=0),0,IF(AND(B9>=Painel!$B$8,B9<=Painel!$G$8,OR(Painel!$L$8="Todos",C9=Painel!$L$8),OR(Painel!$Q$8="Todos",D9=Painel!$Q$8),OR(Painel!$V$8="Todas",E9=Painel!$V$8)),1,0)) -> 1 | L9: =IF(LEN(A9&"")=0,"",J9-I9) -> 0 | M9: =IF(LEN(A9&"")=0,0,IF(COUNTIFS(Base!$A$7:$A$1006,A9)>1,1,0)) -> 0 | N9: =IF(LEN(A9&"")=0,0,IF(ABS(L9)>0.005,1,0)) -> 0 | O9: Renovação automática | P9: =IF($P$3=0,"n.a.",IF(P6=0,"n.a.",COUNTIFS(K7:K1006,1,E7:E1006,"Yes")/P6)) -> 0.50169492
A10: =IF(LEN(Base!A10&"")=0,"",Base!A10) -> 3234 | B10: =IF(LEN(A10&"")=0,"",Base!D10) -> 45342 | C10: =IF(LEN(A10&"")=0,"",Base!C10) -> Ultimate | D10: =IF(LEN(A10&"")=0,"",Base!G10) -> Monthly | E10: =IF(LEN(A10&"")=0,"",Base!E10) -> No | F10: =IF(LEN(A10&"")=0,"",IF(Base!I10="-",0,Base!I10)) -> 30 | G10: =IF(LEN(A10&"")=0,"",SUM(Base!F10,F10,Base!K10)) -> 65 | H10: =IF(LEN(A10&"")=0,"",Base!L10) -> 3 | I10: =IF(LEN(A10&"")=0,"",G10-H10) -> 62 | J10: =IF(LEN(A10&"")=0,"",Base!M10) -> 62 | K10: =IF(OR(LEN(A10&"")=0,$P$3=0),0,IF(AND(B10>=Painel!$B$8,B10<=Painel!$G$8,OR(Painel!$L$8="Todos",C10=Painel!$L$8),OR(Painel!$Q$8="Todos",D10=Painel!$Q$8),OR(Painel!$V$8="Todas",E10=Painel!$V$8)),1,0)) -> 1 | L10: =IF(LEN(A10&"")=0,"",J10-I10) -> 0 | M10: =IF(LEN(A10&"")=0,0,IF(COUNTIFS(Base!$A$7:$A$1006,A10)>1,1,0)) -> 0 | N10: =IF(LEN(A10&"")=0,0,IF(ABS(L10)>0.005,1,0)) -> 0 | O10: Bruto | P10: =IF($P$3=0,"n.a.",SUMIFS(G7:G1006,K7:K1006,1)) -> 9755
A11: =IF(LEN(Base!A11&"")=0,"",Base!A11) -> 3235 | B11: =IF(LEN(A11&"")=0,"",Base!D11) -> 45356 | C11: =IF(LEN(A11&"")=0,"",Base!C11) -> Core | D11: =IF(LEN(A11&"")=0,"",Base!G11) -> Monthly | E11: =IF(LEN(A11&"")=0,"",Base!E11) -> Yes | F11: =IF(LEN(A11&"")=0,"",IF(Base!I11="-",0,Base!I11)) -> 0 | G11: =IF(LEN(A11&"")=0,"",SUM(Base!F11,F11,Base!K11)) -> 5 | H11: =IF(LEN(A11&"")=0,"",Base!L11) -> 1 | I11: =IF(LEN(A11&"")=0,"",G11-H11) -> 4 | J11: =IF(LEN(A11&"")=0,"",Base!M11) -> 4 | K11: =IF(OR(LEN(A11&"")=0,$P$3=0),0,IF(AND(B11>=Painel!$B$8,B11<=Painel!$G$8,OR(Painel!$L$8="Todos",C11=Painel!$L$8),OR(Painel!$Q$8="Todos",D11=Painel!$Q$8),OR(Painel!$V$8="Todas",E11=Painel!$V$8)),1,0)) -> 1 | L11: =IF(LEN(A11&"")=0,"",J11-I11) -> 0 | M11: =IF(LEN(A11&"")=0,0,IF(COUNTIFS(Base!$A$7:$A$1006,A11)>1,1,0)) -> 0 | N11: =IF(LEN(A11&"")=0,0,IF(ABS(L11)>0.005,1,0)) -> 0 | O11: Planos | P11: =IF($P$3=0,"n.a.",SUMIFS(Base!F7:F1006,K7:K1006,1)) -> 2935
A12: =IF(LEN(Base!A12&"")=0,"",Base!A12) -> 3236 | B12: =IF(LEN(A12&"")=0,"",Base!D12) -> 45353 | C12: =IF(LEN(A12&"")=0,"",Base!C12) -> Standard | D12: =IF(LEN(A12&"")=0,"",Base!G12) -> Monthly | E12: =IF(LEN(A12&"")=0,"",Base!E12) -> No | F12: =IF(LEN(A12&"")=0,"",IF(Base!I12="-",0,Base!I12)) -> 0 | G12: =IF(LEN(A12&"")=0,"",SUM(Base!F12,F12,Base!K12)) -> 30 | H12: =IF(LEN(A12&"")=0,"",Base!L12) -> 2 | I12: =IF(LEN(A12&"")=0,"",G12-H12) -> 28 | J12: =IF(LEN(A12&"")=0,"",Base!M12) -> 28 | K12: =IF(OR(LEN(A12&"")=0,$P$3=0),0,IF(AND(B12>=Painel!$B$8,B12<=Painel!$G$8,OR(Painel!$L$8="Todos",C12=Painel!$L$8),OR(Painel!$Q$8="Todos",D12=Painel!$Q$8),OR(Painel!$V$8="Todas",E12=Painel!$V$8)),1,0)) -> 1 | L12: =IF(LEN(A12&"")=0,"",J12-I12) -> 0 | M12: =IF(LEN(A12&"")=0,0,IF(COUNTIFS(Base!$A$7:$A$1006,A12)>1,1,0)) -> 0 | N12: =IF(LEN(A12&"")=0,0,IF(ABS(L12)>0.005,1,0)) -> 0 | O12: EA Play | P12: =IF($P$3=0,"n.a.",SUMIFS(F7:F1006,K7:K1006,1)) -> 2940
A13: =IF(LEN(Base!A13&"")=0,"",Base!A13) -> 3237 | B13: =IF(LEN(A13&"")=0,"",Base!D13) -> 45354 | C13: =IF(LEN(A13&"")=0,"",Base!C13) -> Ultimate | D13: =IF(LEN(A13&"")=0,"",Base!G13) -> Quarterly | E13: =IF(LEN(A13&"")=0,"",Base!E13) -> Yes | F13: =IF(LEN(A13&"")=0,"",IF(Base!I13="-",0,Base!I13)) -> 30 | G13: =IF(LEN(A13&"")=0,"",SUM(Base!F13,F13,Base!K13)) -> 65 | H13: =IF(LEN(A13&"")=0,"",Base!L13) -> 10 | I13: =IF(LEN(A13&"")=0,"",G13-H13) -> 55 | J13: =IF(LEN(A13&"")=0,"",Base!M13) -> 55 | K13: =IF(OR(LEN(A13&"")=0,$P$3=0),0,IF(AND(B13>=Painel!$B$8,B13<=Painel!$G$8,OR(Painel!$L$8="Todos",C13=Painel!$L$8),OR(Painel!$Q$8="Todos",D13=Painel!$Q$8),OR(Painel!$V$8="Todas",E13=Painel!$V$8)),1,0)) -> 1 | L13: =IF(LEN(A13&"")=0,"",J13-I13) -> 0 | M13: =IF(LEN(A13&"")=0,0,IF(COUNTIFS(Base!$A$7:$A$1006,A13)>1,1,0)) -> 0 | N13: =IF(LEN(A13&"")=0,0,IF(ABS(L13)>0.005,1,0)) -> 0 | O13: Minecraft | P13: =IF($P$3=0,"n.a.",SUMIFS(Base!K7:K1006,K7:K1006,1)) -> 3880
A14: =IF(LEN(Base!A14&"")=0,"",Base!A14) -> 3238 | B14: =IF(LEN(A14&"")=0,"",Base!D14) -> 45355 | C14: =IF(LEN(A14&"")=0,"",Base!C14) -> Core | D14: =IF(LEN(A14&"")=0,"",Base!G14) -> Annual | E14: =IF(LEN(A14&"")=0,"",Base!E14) -> Yes | F14: =IF(LEN(A14&"")=0,"",IF(Base!I14="-",0,Base!I14)) -> 0 | G14: =IF(LEN(A14&"")=0,"",SUM(Base!F14,F14,Base!K14)) -> 5 | H14: =IF(LEN(A14&"")=0,"",Base!L14) -> 0 | I14: =IF(LEN(A14&"")=0,"",G14-H14) -> 5 | J14: =IF(LEN(A14&"")=0,"",Base!M14) -> 5 | K14: =IF(OR(LEN(A14&"")=0,$P$3=0),0,IF(AND(B14>=Painel!$B$8,B14<=Painel!$G$8,OR(Painel!$L$8="Todos",C14=Painel!$L$8),OR(Painel!$Q$8="Todos",D14=Painel!$Q$8),OR(Painel!$V$8="Todas",E14=Painel!$V$8)),1,0)) -> 1 | L14: =IF(LEN(A14&"")=0,"",J14-I14) -> 0 | M14: =IF(LEN(A14&"")=0,0,IF(COUNTIFS(Base!$A$7:$A$1006,A14)>1,1,0)) -> 0 | N14: =IF(LEN(A14&"")=0,0,IF(ABS(L14)>0.005,1,0)) -> 0 | O14: Cupons | P14: =IF($P$3=0,"n.a.",SUMIFS(H7:H1006,K7:K1006,1)) -> 2122
A15: =IF(LEN(Base!A15&"")=0,"",Base!A15) -> 3239 | B15: =IF(LEN(A15&"")=0,"",Base!D15) -> 45356 | C15: =IF(LEN(A15&"")=0,"",Base!C15) -> Ultimate | D15: =IF(LEN(A15&"")=0,"",Base!G15) -> Monthly | E15: =IF(LEN(A15&"")=0,"",Base!E15) -> No | F15: =IF(LEN(A15&"")=0,"",IF(Base!I15="-",0,Base!I15)) -> 30 | G15: =IF(LEN(A15&"")=0,"",SUM(Base!F15,F15,Base!K15)) -> 65 | H15: =IF(LEN(A15&"")=0,"",Base!L15) -> 5 | I15: =IF(LEN(A15&"")=0,"",G15-H15) -> 60 | J15: =IF(LEN(A15&"")=0,"",Base!M15) -> 60 | K15: =IF(OR(LEN(A15&"")=0,$P$3=0),0,IF(AND(B15>=Painel!$B$8,B15<=Painel!$G$8,OR(Painel!$L$8="Todos",C15=Painel!$L$8),OR(Painel!$Q$8="Todos",D15=Painel!$Q$8),OR(Painel!$V$8="Todas",E15=Painel!$V$8)),1,0)) -> 1 | L15: =IF(LEN(A15&"")=0,"",J15-I15) -> 0 | M15: =IF(LEN(A15&"")=0,0,IF(COUNTIFS(Base!$A$7:$A$1006,A15)>1,1,0)) -> 0 | N15: =IF(LEN(A15&"")=0,0,IF(ABS(L15)>0.005,1,0)) -> 0 | O15: Adicionais | P15: =IF($P$3=0,"n.a.",SUM(P12:P13)) -> 6820
A16: =IF(LEN(Base!A16&"")=0,"",Base!A16) -> 3240 | B16: =IF(LEN(A16&"")=0,"",Base!D16) -> 45357 | C16: =IF(LEN(A16&"")=0,"",Base!C16) -> Standard | D16: =IF(LEN(A16&"")=0,"",Base!G16) -> Quarterly | E16: =IF(LEN(A16&"")=0,"",Base!E16) -> Yes | F16: =IF(LEN(A16&"")=0,"",IF(Base!I16="-",0,Base!I16)) -> 0 | G16: =IF(LEN(A16&"")=0,"",SUM(Base!F16,F16,Base!K16)) -> 30 | H16: =IF(LEN(A16&"")=0,"",Base!L16) -> 15 | I16: =IF(LEN(A16&"")=0,"",G16-H16) -> 15 | J16: =IF(LEN(A16&"")=0,"",Base!M16) -> 15 | K16: =IF(OR(LEN(A16&"")=0,$P$3=0),0,IF(AND(B16>=Painel!$B$8,B16<=Painel!$G$8,OR(Painel!$L$8="Todos",C16=Painel!$L$8),OR(Painel!$Q$8="Todos",D16=Painel!$Q$8),OR(Painel!$V$8="Todas",E16=Painel!$V$8)),1,0)) -> 1 | L16: =IF(LEN(A16&"")=0,"",J16-I16) -> 0 | M16: =IF(LEN(A16&"")=0,0,IF(COUNTIFS(Base!$A$7:$A$1006,A16)>1,1,0)) -> 0 | N16: =IF(LEN(A16&"")=0,0,IF(ABS(L16)>0.005,1,0)) -> 0 | O16: Participação adicionais | P16: =IF($P$3=0,"n.a.",IF(P10=0,"n.a.",P15/P10)) -> 0.69912865
A17: =IF(LEN(Base!A17&"")=0,"",Base!A17) -> 3241 | B17: =IF(LEN(A17&"")=0,"",Base!D17) -> 45358 | C17: =IF(LEN(A17&"")=0,"",Base!C17) -> Core | D17: =IF(LEN(A17&"")=0,"",Base!G17) -> Monthly | E17: =IF(LEN(A17&"")=0,"",Base!E17) -> No | F17: =IF(LEN(A17&"")=0,"",IF(Base!I17="-",0,Base!I17)) -> 0 | G17: =IF(LEN(A17&"")=0,"",SUM(Base!F17,F17,Base!K17)) -> 5 | H17: =IF(LEN(A17&"")=0,"",Base!L17) -> 1 | I17: =IF(LEN(A17&"")=0,"",G17-H17) -> 4 | J17: =IF(LEN(A17&"")=0,"",Base!M17) -> 4 | K17: =IF(OR(LEN(A17&"")=0,$P$3=0),0,IF(AND(B17>=Painel!$B$8,B17<=Painel!$G$8,OR(Painel!$L$8="Todos",C17=Painel!$L$8),OR(Painel!$Q$8="Todos",D17=Painel!$Q$8),OR(Painel!$V$8="Todas",E17=Painel!$V$8)),1,0)) -> 1 | L17: =IF(LEN(A17&"")=0,"",J17-I17) -> 0 | M17: =IF(LEN(A17&"")=0,0,IF(COUNTIFS(Base!$A$7:$A$1006,A17)>1,1,0)) -> 0 | N17: =IF(LEN(A17&"")=0,0,IF(ABS(L17)>0.005,1,0)) -> 0 | O17: Incidência cupons | P17: =IF($P$3=0,"n.a.",IF(P6=0,"n.a.",COUNTIFS(K7:K1006,1,H7:H1006,">0")/P6)) -> 0.82711864
A18: =IF(LEN(Base!A18&"")=0,"",Base!A18) -> 3242 | B18: =IF(LEN(A18&"")=0,"",Base!D18) -> 45359 | C18: =IF(LEN(A18&"")=0,"",Base!C18) -> Ultimate | D18: =IF(LEN(A18&"")=0,"",Base!G18) -> Annual | E18: =IF(LEN(A18&"")=0,"",Base!E18) -> Yes | F18: =IF(LEN(A18&"")=0,"",IF(Base!I18="-",0,Base!I18)) -> 30 | G18: =IF(LEN(A18&"")=0,"",SUM(Base!F18,F18,Base!K18)) -> 65 | H18: =IF(LEN(A18&"")=0,"",Base!L18) -> 20 | I18: =IF(LEN(A18&"")=0,"",G18-H18) -> 45 | J18: =IF(LEN(A18&"")=0,"",Base!M18) -> 45 | K18: =IF(OR(LEN(A18&"")=0,$P$3=0),0,IF(AND(B18>=Painel!$B$8,B18<=Painel!$G$8,OR(Painel!$L$8="Todos",C18=Painel!$L$8),OR(Painel!$Q$8="Todos",D18=Painel!$Q$8),OR(Painel!$V$8="Todas",E18=Painel!$V$8)),1,0)) -> 1 | L18: =IF(LEN(A18&"")=0,"",J18-I18) -> 0 | M18: =IF(LEN(A18&"")=0,0,IF(COUNTIFS(Base!$A$7:$A$1006,A18)>1,1,0)) -> 0 | N18: =IF(LEN(A18&"")=0,0,IF(ABS(L18)>0.005,1,0)) -> 0
A19: =IF(LEN(Base!A19&"")=0,"",Base!A19) -> 3243 | B19: =IF(LEN(A19&"")=0,"",Base!D19) -> 45360 | C19: =IF(LEN(A19&"")=0,"",Base!C19) -> Standard | D19: =IF(LEN(A19&"")=0,"",Base!G19) -> Monthly | E19: =IF(LEN(A19&"")=0,"",Base!E19) -> No | F19: =IF(LEN(A19&"")=0,"",IF(Base!I19="-",0,Base!I19)) -> 0 | G19: =IF(LEN(A19&"")=0,"",SUM(Base!F19,F19,Base!K19)) -> 30 | H19: =IF(LEN(A19&"")=0,"",Base!L19) -> 10 | I19: =IF(LEN(A19&"")=0,"",G19-H19) -> 20 | J19: =IF(LEN(A19&"")=0,"",Base!M19) -> 20 | K19: =IF(OR(LEN(A19&"")=0,$P$3=0),0,IF(AND(B19>=Painel!$B$8,B19<=Painel!$G$8,OR(Painel!$L$8="Todos",C19=Painel!$L$8),OR(Painel!$Q$8="Todos",D19=Painel!$Q$8),OR(Painel!$V$8="Todas",E19=Painel!$V$8)),1,0)) -> 1 | L19: =IF(LEN(A19&"")=0,"",J19-I19) -> 0 | M19: =IF(LEN(A19&"")=0,0,IF(COUNTIFS(Base!$A$7:$A$1006,A19)>1,1,0)) -> 0 | N19: =IF(LEN(A19&"")=0,0,IF(ABS(L19)>0.005,1,0)) -> 0
A20: =IF(LEN(Base!A20&"")=0,"",Base!A20) -> 3244 | B20: =IF(LEN(A20&"")=0,"",Base!D20) -> 45361 | C20: =IF(LEN(A20&"")=0,"",Base!C20) -> Core | D20: =IF(LEN(A20&"")=0,"",Base!G20) -> Quarterly | E20: =IF(LEN(A20&"")=0,"",Base!E20) -> Yes | F20: =IF(LEN(A20&"")=0,"",IF(Base!I20="-",0,Base!I20)) -> 0 | G20: =IF(LEN(A20&"")=0,"",SUM(Base!F20,F20,Base!K20)) -> 5 | H20: =IF(LEN(A20&"")=0,"",Base!L20) -> 0 | I20: =IF(LEN(A20&"")=0,"",G20-H20) -> 5 | J20: =IF(LEN(A20&"")=0,"",Base!M20) -> 5 | K20: =IF(OR(LEN(A20&"")=0,$P$3=0),0,IF(AND(B20>=Painel!$B$8,B20<=Painel!$G$8,OR(Painel!$L$8="Todos",C20=Painel!$L$8),OR(Painel!$Q$8="Todos",D20=Painel!$Q$8),OR(Painel!$V$8="Todas",E20=Painel!$V$8)),1,0)) -> 1 | L20: =IF(LEN(A20&"")=0,"",J20-I20) -> 0 | M20: =IF(LEN(A20&"")=0,0,IF(COUNTIFS(Base!$A$7:$A$1006,A20)>1,1,0)) -> 0 | N20: =IF(LEN(A20&"")=0,0,IF(ABS(L20)>0.005,1,0)) -> 0
A21: =IF(LEN(Base!A21&"")=0,"",Base!A21) -> 3245 | B21: =IF(LEN(A21&"")=0,"",Base!D21) -> 45362 | C21: =IF(LEN(A21&"")=0,"",Base!C21) -> Ultimate | D21: =IF(LEN(A21&"")=0,"",Base!G21) -> Monthly | E21: =IF(LEN(A21&"")=0,"",Base!E21) -> No | F21: =IF(LEN(A21&"")=0,"",IF(Base!I21="-",0,Base!I21)) -> 30 | G21: =IF(LEN(A21&"")=0,"",SUM(Base!F21,F21,Base!K21)) -> 65 | H21: =IF(LEN(A21&"")=0,"",Base!L21) -> 8 | I21: =IF(LEN(A21&"")=0,"",G21-H21) -> 57 | J21: =IF(LEN(A21&"")=0,"",Base!M21) -> 57 | K21: =IF(OR(LEN(A21&"")=0,$P$3=0),0,IF(AND(B21>=Painel!$B$8,B21<=Painel!$G$8,OR(Painel!$L$8="Todos",C21=Painel!$L$8),OR(Painel!$Q$8="Todos",D21=Painel!$Q$8),OR(Painel!$V$8="Todas",E21=Painel!$V$8)),1,0)) -> 1 | L21: =IF(LEN(A21&"")=0,"",J21-I21) -> 0 | M21: =IF(LEN(A21&"")=0,0,IF(COUNTIFS(Base!$A$7:$A$1006,A21)>1,1,0)) -> 0 | N21: =IF(LEN(A21&"")=0,0,IF(ABS(L21)>0.005,1,0)) -> 0 | O21: Mês | P21: Valor registrado | Q21: Assinaturas | T21: Plano | U21: Valor registrado | V21: Ordem | X21: Plano | Y21: Valor registrado
A22: =IF(LEN(Base!A22&"")=0,"",Base!A22) -> 3246 | B22: =IF(LEN(A22&"")=0,"",Base!D22) -> 45363 | C22: =IF(LEN(A22&"")=0,"",Base!C22) -> Standard | D22: =IF(LEN(A22&"")=0,"",Base!G22) -> Annual | E22: =IF(LEN(A22&"")=0,"",Base!E22) -> Yes | F22: =IF(LEN(A22&"")=0,"",IF(Base!I22="-",0,Base!I22)) -> 0 | G22: =IF(LEN(A22&"")=0,"",SUM(Base!F22,F22,Base!K22)) -> 30 | H22: =IF(LEN(A22&"")=0,"",Base!L22) -> 12 | I22: =IF(LEN(A22&"")=0,"",G22-H22) -> 18 | J22: =IF(LEN(A22&"")=0,"",Base!M22) -> 18 | K22: =IF(OR(LEN(A22&"")=0,$P$3=0),0,IF(AND(B22>=Painel!$B$8,B22<=Painel!$G$8,OR(Painel!$L$8="Todos",C22=Painel!$L$8),OR(Painel!$Q$8="Todos",D22=Painel!$Q$8),OR(Painel!$V$8="Todas",E22=Painel!$V$8)),1,0)) -> 1 | L22: =IF(LEN(A22&"")=0,"",J22-I22) -> 0 | M22: =IF(LEN(A22&"")=0,0,IF(COUNTIFS(Base!$A$7:$A$1006,A22)>1,1,0)) -> 0 | N22: =IF(LEN(A22&"")=0,0,IF(ABS(L22)>0.005,1,0)) -> 0 | O22: jan | P22: =IF($P$3=0,NA(),SUMIFS($J$7:$J$1006,$K$7:$K$1006,1,$B$7:$B$1006,">="&R22,$B$7:$B$1006,"<"&DATE(YEAR(R22),MONTH(R22)+1,1))) -> 65 | Q22: =COUNTIFS($K$7:$K$1006,1,$B$7:$B$1006,">="&R22,$B$7:$B$1006,"<"&DATE(YEAR(R22),MONTH(R22)+1,1)) -> 2 | R22: 45292 | T22: Core | U22: =SUMIFS($J$7:$J$1006,$K$7:$K$1006,1,$C$7:$C$1006,T22) -> 444 | V22: =COUNTIFS($U$22:$U$24,">"&U22)+COUNTIFS($U$22:U22,U22) -> 3 | X22: =INDEX($T$22:$T$24,MATCH(1,$V$22:$V$24,0)) -> Ultimate | Y22: =IF($P$3=0,NA(),INDEX($U$22:$U$24,MATCH(1,$V$22:$V$24,0))) -> 5388
A23: =IF(LEN(Base!A23&"")=0,"",Base!A23) -> 3247 | B23: =IF(LEN(A23&"")=0,"",Base!D23) -> 45364 | C23: =IF(LEN(A23&"")=0,"",Base!C23) -> Core | D23: =IF(LEN(A23&"")=0,"",Base!G23) -> Monthly | E23: =IF(LEN(A23&"")=0,"",Base!E23) -> No | F23: =IF(LEN(A23&"")=0,"",IF(Base!I23="-",0,Base!I23)) -> 0 | G23: =IF(LEN(A23&"")=0,"",SUM(Base!F23,F23,Base!K23)) -> 5 | H23: =IF(LEN(A23&"")=0,"",Base!L23) -> 2 | I23: =IF(LEN(A23&"")=0,"",G23-H23) -> 3 | J23: =IF(LEN(A23&"")=0,"",Base!M23) -> 3 | K23: =IF(OR(LEN(A23&"")=0,$P$3=0),0,IF(AND(B23>=Painel!$B$8,B23<=Painel!$G$8,OR(Painel!$L$8="Todos",C23=Painel!$L$8),OR(Painel!$Q$8="Todos",D23=Painel!$Q$8),OR(Painel!$V$8="Todas",E23=Painel!$V$8)),1,0)) -> 1 | L23: =IF(LEN(A23&"")=0,"",J23-I23) -> 0 | M23: =IF(LEN(A23&"")=0,0,IF(COUNTIFS(Base!$A$7:$A$1006,A23)>1,1,0)) -> 0 | N23: =IF(LEN(A23&"")=0,0,IF(ABS(L23)>0.005,1,0)) -> 0 | O23: fev | P23: =IF($P$3=0,NA(),SUMIFS($J$7:$J$1006,$K$7:$K$1006,1,$B$7:$B$1006,">="&R23,$B$7:$B$1006,"<"&DATE(YEAR(R23),MONTH(R23)+1,1))) -> 82 | Q23: =COUNTIFS($K$7:$K$1006,1,$B$7:$B$1006,">="&R23,$B$7:$B$1006,"<"&DATE(YEAR(R23),MONTH(R23)+1,1)) -> 2 | R23: 45323 | T23: Standard | U23: =SUMIFS($J$7:$J$1006,$K$7:$K$1006,1,$C$7:$C$1006,T23) -> 1801 | V23: =COUNTIFS($U$22:$U$24,">"&U23)+COUNTIFS($U$22:U23,U23) -> 2 | X23: =INDEX($T$22:$T$24,MATCH(2,$V$22:$V$24,0)) -> Standard | Y23: =IF($P$3=0,NA(),INDEX($U$22:$U$24,MATCH(2,$V$22:$V$24,0))) -> 1801
A24: =IF(LEN(Base!A24&"")=0,"",Base!A24) -> 3248 | B24: =IF(LEN(A24&"")=0,"",Base!D24) -> 45365 | C24: =IF(LEN(A24&"")=0,"",Base!C24) -> Ultimate | D24: =IF(LEN(A24&"")=0,"",Base!G24) -> Quarterly | E24: =IF(LEN(A24&"")=0,"",Base!E24) -> Yes | F24: =IF(LEN(A24&"")=0,"",IF(Base!I24="-",0,Base!I24)) -> 30 | G24: =IF(LEN(A24&"")=0,"",SUM(Base!F24,F24,Base!K24)) -> 65 | H24: =IF(LEN(A24&"")=0,"",Base!L24) -> 7 | I24: =IF(LEN(A24&"")=0,"",G24-H24) -> 58 | J24: =IF(LEN(A24&"")=0,"",Base!M24) -> 58 | K24: =IF(OR(LEN(A24&"")=0,$P$3=0),0,IF(AND(B24>=Painel!$B$8,B24<=Painel!$G$8,OR(Painel!$L$8="Todos",C24=Painel!$L$8),OR(Painel!$Q$8="Todos",D24=Painel!$Q$8),OR(Painel!$V$8="Todas",E24=Painel!$V$8)),1,0)) -> 1 | L24: =IF(LEN(A24&"")=0,"",J24-I24) -> 0 | M24: =IF(LEN(A24&"")=0,0,IF(COUNTIFS(Base!$A$7:$A$1006,A24)>1,1,0)) -> 0 | N24: =IF(LEN(A24&"")=0,0,IF(ABS(L24)>0.005,1,0)) -> 0 | O24: mar | P24: =IF($P$3=0,NA(),SUMIFS($J$7:$J$1006,$K$7:$K$1006,1,$B$7:$B$1006,">="&R24,$B$7:$B$1006,"<"&DATE(YEAR(R24),MONTH(R24)+1,1))) -> 801 | Q24: =COUNTIFS($K$7:$K$1006,1,$B$7:$B$1006,">="&R24,$B$7:$B$1006,"<"&DATE(YEAR(R24),MONTH(R24)+1,1)) -> 31 | R24: 45352 | T24: Ultimate | U24: =SUMIFS($J$7:$J$1006,$K$7:$K$1006,1,$C$7:$C$1006,T24) -> 5388 | V24: =COUNTIFS($U$22:$U$24,">"&U24)+COUNTIFS($U$22:U24,U24) -> 1 | X24: =INDEX($T$22:$T$24,MATCH(3,$V$22:$V$24,0)) -> Core | Y24: =IF($P$3=0,NA(),INDEX($U$22:$U$24,MATCH(3,$V$22:$V$24,0))) -> 444
A25: =IF(LEN(Base!A25&"")=0,"",Base!A25) -> 3249 | B25: =IF(LEN(A25&"")=0,"",Base!D25) -> 45366 | C25: =IF(LEN(A25&"")=0,"",Base!C25) -> Standard | D25: =IF(LEN(A25&"")=0,"",Base!G25) -> Monthly | E25: =IF(LEN(A25&"")=0,"",Base!E25) -> No | F25: =IF(LEN(A25&"")=0,"",IF(Base!I25="-",0,Base!I25)) -> 0 | G25: =IF(LEN(A25&"")=0,"",SUM(Base!F25,F25,Base!K25)) -> 30 | H25: =IF(LEN(A25&"")=0,"",Base!L25) -> 5 | I25: =IF(LEN(A25&"")=0,"",G25-H25) -> 25 | J25: =IF(LEN(A25&"")=0,"",Base!M25) -> 25 | K25: =IF(OR(LEN(A25&"")=0,$P$3=0),0,IF(AND(B25>=Painel!$B$8,B25<=Painel!$G$8,OR(Painel!$L$8="Todos",C25=Painel!$L$8),OR(Painel!$Q$8="Todos",D25=Painel!$Q$8),OR(Painel!$V$8="Todas",E25=Painel!$V$8)),1,0)) -> 1 | L25: =IF(LEN(A25&"")=0,"",J25-I25) -> 0 | M25: =IF(LEN(A25&"")=0,0,IF(COUNTIFS(Base!$A$7:$A$1006,A25)>1,1,0)) -> 0 | N25: =IF(LEN(A25&"")=0,0,IF(ABS(L25)>0.005,1,0)) -> 0 | O25: abr | P25: =IF($P$3=0,NA(),SUMIFS($J$7:$J$1006,$K$7:$K$1006,1,$B$7:$B$1006,">="&R25,$B$7:$B$1006,"<"&DATE(YEAR(R25),MONTH(R25)+1,1))) -> 782 | Q25: =COUNTIFS($K$7:$K$1006,1,$B$7:$B$1006,">="&R25,$B$7:$B$1006,"<"&DATE(YEAR(R25),MONTH(R25)+1,1)) -> 30 | R25: 45383
A26: =IF(LEN(Base!A26&"")=0,"",Base!A26) -> 3250 | B26: =IF(LEN(A26&"")=0,"",Base!D26) -> 45367 | C26: =IF(LEN(A26&"")=0,"",Base!C26) -> Core | D26: =IF(LEN(A26&"")=0,"",Base!G26) -> Annual | E26: =IF(LEN(A26&"")=0,"",Base!E26) -> Yes | F26: =IF(LEN(A26&"")=0,"",IF(Base!I26="-",0,Base!I26)) -> 0 | G26: =IF(LEN(A26&"")=0,"",SUM(Base!F26,F26,Base!K26)) -> 5 | H26: =IF(LEN(A26&"")=0,"",Base!L26) -> 0 | I26: =IF(LEN(A26&"")=0,"",G26-H26) -> 5 | J26: =IF(LEN(A26&"")=0,"",Base!M26) -> 5 | K26: =IF(OR(LEN(A26&"")=0,$P$3=0),0,IF(AND(B26>=Painel!$B$8,B26<=Painel!$G$8,OR(Painel!$L$8="Todos",C26=Painel!$L$8),OR(Painel!$Q$8="Todos",D26=Painel!$Q$8),OR(Painel!$V$8="Todas",E26=Painel!$V$8)),1,0)) -> 1 | L26: =IF(LEN(A26&"")=0,"",J26-I26) -> 0 | M26: =IF(LEN(A26&"")=0,0,IF(COUNTIFS(Base!$A$7:$A$1006,A26)>1,1,0)) -> 0 | N26: =IF(LEN(A26&"")=0,0,IF(ABS(L26)>0.005,1,0)) -> 0 | O26: mai | P26: =IF($P$3=0,NA(),SUMIFS($J$7:$J$1006,$K$7:$K$1006,1,$B$7:$B$1006,">="&R26,$B$7:$B$1006,"<"&DATE(YEAR(R26),MONTH(R26)+1,1))) -> 777 | Q26: =COUNTIFS($K$7:$K$1006,1,$B$7:$B$1006,">="&R26,$B$7:$B$1006,"<"&DATE(YEAR(R26),MONTH(R26)+1,1)) -> 31 | R26: 45413
A27: =IF(LEN(Base!A27&"")=0,"",Base!A27) -> 3251 | B27: =IF(LEN(A27&"")=0,"",Base!D27) -> 45368 | C27: =IF(LEN(A27&"")=0,"",Base!C27) -> Ultimate | D27: =IF(LEN(A27&"")=0,"",Base!G27) -> Monthly | E27: =IF(LEN(A27&"")=0,"",Base!E27) -> No | F27: =IF(LEN(A27&"")=0,"",IF(Base!I27="-",0,Base!I27)) -> 30 | G27: =IF(LEN(A27&"")=0,"",SUM(Base!F27,F27,Base!K27)) -> 65 | H27: =IF(LEN(A27&"")=0,"",Base!L27) -> 3 | I27: =IF(LEN(A27&"")=0,"",G27-H27) -> 62 | J27: =IF(LEN(A27&"")=0,"",Base!M27) -> 62 | K27: =IF(OR(LEN(A27&"")=0,$P$3=0),0,IF(AND(B27>=Painel!$B$8,B27<=Painel!$G$8,OR(Painel!$L$8="Todos",C27=Painel!$L$8),OR(Painel!$Q$8="Todos",D27=Painel!$Q$8),OR(Painel!$V$8="Todas",E27=Painel!$V$8)),1,0)) -> 1 | L27: =IF(LEN(A27&"")=0,"",J27-I27) -> 0 | M27: =IF(LEN(A27&"")=0,0,IF(COUNTIFS(Base!$A$7:$A$1006,A27)>1,1,0)) -> 0 | N27: =IF(LEN(A27&"")=0,0,IF(ABS(L27)>0.005,1,0)) -> 0 | O27: jun | P27: =IF($P$3=0,NA(),SUMIFS($J$7:$J$1006,$K$7:$K$1006,1,$B$7:$B$1006,">="&R27,$B$7:$B$1006,"<"&DATE(YEAR(R27),MONTH(R27)+1,1))) -> 770 | Q27: =COUNTIFS($K$7:$K$1006,1,$B$7:$B$1006,">="&R27,$B$7:$B$1006,"<"&DATE(YEAR(R27),MONTH(R27)+1,1)) -> 30 | R27: 45444
A28: =IF(LEN(Base!A28&"")=0,"",Base!A28) -> 3252 | B28: =IF(LEN(A28&"")=0,"",Base!D28) -> 45369 | C28: =IF(LEN(A28&"")=0,"",Base!C28) -> Standard | D28: =IF(LEN(A28&"")=0,"",Base!G28) -> Quarterly | E28: =IF(LEN(A28&"")=0,"",Base!E28) -> Yes | F28: =IF(LEN(A28&"")=0,"",IF(Base!I28="-",0,Base!I28)) -> 0 | G28: =IF(LEN(A28&"")=0,"",SUM(Base!F28,F28,Base!K28)) -> 30 | H28: =IF(LEN(A28&"")=0,"",Base!L28) -> 15 | I28: =IF(LEN(A28&"")=0,"",G28-H28) -> 15 | J28: =IF(LEN(A28&"")=0,"",Base!M28) -> 15 | K28: =IF(OR(LEN(A28&"")=0,$P$3=0),0,IF(AND(B28>=Painel!$B$8,B28<=Painel!$G$8,OR(Painel!$L$8="Todos",C28=Painel!$L$8),OR(Painel!$Q$8="Todos",D28=Painel!$Q$8),OR(Painel!$V$8="Todas",E28=Painel!$V$8)),1,0)) -> 1 | L28: =IF(LEN(A28&"")=0,"",J28-I28) -> 0 | M28: =IF(LEN(A28&"")=0,0,IF(COUNTIFS(Base!$A$7:$A$1006,A28)>1,1,0)) -> 0 | N28: =IF(LEN(A28&"")=0,0,IF(ABS(L28)>0.005,1,0)) -> 0 | O28: jul | P28: =IF($P$3=0,NA(),SUMIFS($J$7:$J$1006,$K$7:$K$1006,1,$B$7:$B$1006,">="&R28,$B$7:$B$1006,"<"&DATE(YEAR(R28),MONTH(R28)+1,1))) -> 784 | Q28: =COUNTIFS($K$7:$K$1006,1,$B$7:$B$1006,">="&R28,$B$7:$B$1006,"<"&DATE(YEAR(R28),MONTH(R28)+1,1)) -> 31 | R28: 45474 | T28: Componente | U28: Bruto
A29: =IF(LEN(Base!A29&"")=0,"",Base!A29) -> 3253 | B29: =IF(LEN(A29&"")=0,"",Base!D29) -> 45370 | C29: =IF(LEN(A29&"")=0,"",Base!C29) -> Core | D29: =IF(LEN(A29&"")=0,"",Base!G29) -> Monthly | E29: =IF(LEN(A29&"")=0,"",Base!E29) -> No | F29: =IF(LEN(A29&"")=0,"",IF(Base!I29="-",0,Base!I29)) -> 0 | G29: =IF(LEN(A29&"")=0,"",SUM(Base!F29,F29,Base!K29)) -> 5 | H29: =IF(LEN(A29&"")=0,"",Base!L29) -> 1 | I29: =IF(LEN(A29&"")=0,"",G29-H29) -> 4 | J29: =IF(LEN(A29&"")=0,"",Base!M29) -> 4 | K29: =IF(OR(LEN(A29&"")=0,$P$3=0),0,IF(AND(B29>=Painel!$B$8,B29<=Painel!$G$8,OR(Painel!$L$8="Todos",C29=Painel!$L$8),OR(Painel!$Q$8="Todos",D29=Painel!$Q$8),OR(Painel!$V$8="Todas",E29=Painel!$V$8)),1,0)) -> 1 | L29: =IF(LEN(A29&"")=0,"",J29-I29) -> 0 | M29: =IF(LEN(A29&"")=0,0,IF(COUNTIFS(Base!$A$7:$A$1006,A29)>1,1,0)) -> 0 | N29: =IF(LEN(A29&"")=0,0,IF(ABS(L29)>0.005,1,0)) -> 0 | O29: ago | P29: =IF($P$3=0,NA(),SUMIFS($J$7:$J$1006,$K$7:$K$1006,1,$B$7:$B$1006,">="&R29,$B$7:$B$1006,"<"&DATE(YEAR(R29),MONTH(R29)+1,1))) -> 787 | Q29: =COUNTIFS($K$7:$K$1006,1,$B$7:$B$1006,">="&R29,$B$7:$B$1006,"<"&DATE(YEAR(R29),MONTH(R29)+1,1)) -> 31 | R29: 45505 | T29: Planos | U29: =IF($P$3=0,NA(),P11) -> 2935
A30: =IF(LEN(Base!A30&"")=0,"",Base!A30) -> 3254 | B30: =IF(LEN(A30&"")=0,"",Base!D30) -> 45371 | C30: =IF(LEN(A30&"")=0,"",Base!C30) -> Ultimate | D30: =IF(LEN(A30&"")=0,"",Base!G30) -> Annual | E30: =IF(LEN(A30&"")=0,"",Base!E30) -> Yes | F30: =IF(LEN(A30&"")=0,"",IF(Base!I30="-",0,Base!I30)) -> 30 | G30: =IF(LEN(A30&"")=0,"",SUM(Base!F30,F30,Base!K30)) -> 65 | H30: =IF(LEN(A30&"")=0,"",Base!L30) -> 20 | I30: =IF(LEN(A30&"")=0,"",G30-H30) -> 45 | J30: =IF(LEN(A30&"")=0,"",Base!M30) -> 45 | K30: =IF(OR(LEN(A30&"")=0,$P$3=0),0,IF(AND(B30>=Painel!$B$8,B30<=Painel!$G$8,OR(Painel!$L$8="Todos",C30=Painel!$L$8),OR(Painel!$Q$8="Todos",D30=Painel!$Q$8),OR(Painel!$V$8="Todas",E30=Painel!$V$8)),1,0)) -> 1 | L30: =IF(LEN(A30&"")=0,"",J30-I30) -> 0 | M30: =IF(LEN(A30&"")=0,0,IF(COUNTIFS(Base!$A$7:$A$1006,A30)>1,1,0)) -> 0 | N30: =IF(LEN(A30&"")=0,0,IF(ABS(L30)>0.005,1,0)) -> 0 | O30: set | P30: =IF($P$3=0,NA(),SUMIFS($J$7:$J$1006,$K$7:$K$1006,1,$B$7:$B$1006,">="&R30,$B$7:$B$1006,"<"&DATE(YEAR(R30),MONTH(R30)+1,1))) -> 780 | Q30: =COUNTIFS($K$7:$K$1006,1,$B$7:$B$1006,">="&R30,$B$7:$B$1006,"<"&DATE(YEAR(R30),MONTH(R30)+1,1)) -> 30 | R30: 45536 | T30: EA Play | U30: =IF($P$3=0,NA(),P12) -> 2940
A31: =IF(LEN(Base!A31&"")=0,"",Base!A31) -> 3255 | B31: =IF(LEN(A31&"")=0,"",Base!D31) -> 45372 | C31: =IF(LEN(A31&"")=0,"",Base!C31) -> Standard | D31: =IF(LEN(A31&"")=0,"",Base!G31) -> Monthly | E31: =IF(LEN(A31&"")=0,"",Base!E31) -> No | F31: =IF(LEN(A31&"")=0,"",IF(Base!I31="-",0,Base!I31)) -> 0 | G31: =IF(LEN(A31&"")=0,"",SUM(Base!F31,F31,Base!K31)) -> 30 | H31: =IF(LEN(A31&"")=0,"",Base!L31) -> 10 | I31: =IF(LEN(A31&"")=0,"",G31-H31) -> 20 | J31: =IF(LEN(A31&"")=0,"",Base!M31) -> 20 | K31: =IF(OR(LEN(A31&"")=0,$P$3=0),0,IF(AND(B31>=Painel!$B$8,B31<=Painel!$G$8,OR(Painel!$L$8="Todos",C31=Painel!$L$8),OR(Painel!$Q$8="Todos",D31=Painel!$Q$8),OR(Painel!$V$8="Todas",E31=Painel!$V$8)),1,0)) -> 1 | L31: =IF(LEN(A31&"")=0,"",J31-I31) -> 0 | M31: =IF(LEN(A31&"")=0,0,IF(COUNTIFS(Base!$A$7:$A$1006,A31)>1,1,0)) -> 0 | N31: =IF(LEN(A31&"")=0,0,IF(ABS(L31)>0.005,1,0)) -> 0 | O31: out | P31: =IF($P$3=0,NA(),SUMIFS($J$7:$J$1006,$K$7:$K$1006,1,$B$7:$B$1006,">="&R31,$B$7:$B$1006,"<"&DATE(YEAR(R31),MONTH(R31)+1,1))) -> 832 | Q31: =COUNTIFS($K$7:$K$1006,1,$B$7:$B$1006,">="&R31,$B$7:$B$1006,"<"&DATE(YEAR(R31),MONTH(R31)+1,1)) -> 31 | R31: 45566 | T31: Minecraft | U31: =IF($P$3=0,NA(),P13) -> 3880
A32: =IF(LEN(Base!A32&"")=0,"",Base!A32) -> 3256 | B32: =IF(LEN(A32&"")=0,"",Base!D32) -> 45373 | C32: =IF(LEN(A32&"")=0,"",Base!C32) -> Core | D32: =IF(LEN(A32&"")=0,"",Base!G32) -> Quarterly | E32: =IF(LEN(A32&"")=0,"",Base!E32) -> Yes | F32: =IF(LEN(A32&"")=0,"",IF(Base!I32="-",0,Base!I32)) -> 0 | G32: =IF(LEN(A32&"")=0,"",SUM(Base!F32,F32,Base!K32)) -> 5 | H32: =IF(LEN(A32&"")=0,"",Base!L32) -> 0 | I32: =IF(LEN(A32&"")=0,"",G32-H32) -> 5 | J32: =IF(LEN(A32&"")=0,"",Base!M32) -> 5 | K32: =IF(OR(LEN(A32&"")=0,$P$3=0),0,IF(AND(B32>=Painel!$B$8,B32<=Painel!$G$8,OR(Painel!$L$8="Todos",C32=Painel!$L$8),OR(Painel!$Q$8="Todos",D32=Painel!$Q$8),OR(Painel!$V$8="Todas",E32=Painel!$V$8)),1,0)) -> 1 | L32: =IF(LEN(A32&"")=0,"",J32-I32) -> 0 | M32: =IF(LEN(A32&"")=0,0,IF(COUNTIFS(Base!$A$7:$A$1006,A32)>1,1,0)) -> 0 | N32: =IF(LEN(A32&"")=0,0,IF(ABS(L32)>0.005,1,0)) -> 0 | O32: nov | P32: =IF($P$3=0,NA(),SUMIFS($J$7:$J$1006,$K$7:$K$1006,1,$B$7:$B$1006,">="&R32,$B$7:$B$1006,"<"&DATE(YEAR(R32),MONTH(R32)+1,1))) -> 784 | Q32: =COUNTIFS($K$7:$K$1006,1,$B$7:$B$1006,">="&R32,$B$7:$B$1006,"<"&DATE(YEAR(R32),MONTH(R32)+1,1)) -> 30 | R32: 45597
A33: =IF(LEN(Base!A33&"")=0,"",Base!A33) -> 3257 | B33: =IF(LEN(A33&"")=0,"",Base!D33) -> 45374 | C33: =IF(LEN(A33&"")=0,"",Base!C33) -> Ultimate | D33: =IF(LEN(A33&"")=0,"",Base!G33) -> Monthly | E33: =IF(LEN(A33&"")=0,"",Base!E33) -> No | F33: =IF(LEN(A33&"")=0,"",IF(Base!I33="-",0,Base!I33)) -> 30 | G33: =IF(LEN(A33&"")=0,"",SUM(Base!F33,F33,Base!K33)) -> 65 | H33: =IF(LEN(A33&"")=0,"",Base!L33) -> 5 | I33: =IF(LEN(A33&"")=0,"",G33-H33) -> 60 | J33: =IF(LEN(A33&"")=0,"",Base!M33) -> 60 | K33: =IF(OR(LEN(A33&"")=0,$P$3=0),0,IF(AND(B33>=Painel!$B$8,B33<=Painel!$G$8,OR(Painel!$L$8="Todos",C33=Painel!$L$8),OR(Painel!$Q$8="Todos",D33=Painel!$Q$8),OR(Painel!$V$8="Todas",E33=Painel!$V$8)),1,0)) -> 1 | L33: =IF(LEN(A33&"")=0,"",J33-I33) -> 0 | M33: =IF(LEN(A33&"")=0,0,IF(COUNTIFS(Base!$A$7:$A$1006,A33)>1,1,0)) -> 0 | N33: =IF(LEN(A33&"")=0,0,IF(ABS(L33)>0.005,1,0)) -> 0 | O33: dez | P33: =IF($P$3=0,NA(),SUMIFS($J$7:$J$1006,$K$7:$K$1006,1,$B$7:$B$1006,">="&R33,$B$7:$B$1006,"<"&DATE(YEAR(R33),MONTH(R33)+1,1))) -> 389 | Q33: =COUNTIFS($K$7:$K$1006,1,$B$7:$B$1006,">="&R33,$B$7:$B$1006,"<"&DATE(YEAR(R33),MONTH(R33)+1,1)) -> 16 | R33: 45627
A34: =IF(LEN(Base!A34&"")=0,"",Base!A34) -> 3258 | B34: =IF(LEN(A34&"")=0,"",Base!D34) -> 45375 | C34: =IF(LEN(A34&"")=0,"",Base!C34) -> Standard | D34: =IF(LEN(A34&"")=0,"",Base!G34) -> Annual | E34: =IF(LEN(A34&"")=0,"",Base!E34) -> Yes | F34: =IF(LEN(A34&"")=0,"",IF(Base!I34="-",0,Base!I34)) -> 0 | G34: =IF(LEN(A34&"")=0,"",SUM(Base!F34,F34,Base!K34)) -> 30 | H34: =IF(LEN(A34&"")=0,"",Base!L34) -> 15 | I34: =IF(LEN(A34&"")=0,"",G34-H34) -> 15 | J34: =IF(LEN(A34&"")=0,"",Base!M34) -> 15 | K34: =IF(OR(LEN(A34&"")=0,$P$3=0),0,IF(AND(B34>=Painel!$B$8,B34<=Painel!$G$8,OR(Painel!$L$8="Todos",C34=Painel!$L$8),OR(Painel!$Q$8="Todos",D34=Painel!$Q$8),OR(Painel!$V$8="Todas",E34=Painel!$V$8)),1,0)) -> 1 | L34: =IF(LEN(A34&"")=0,"",J34-I34) -> 0 | M34: =IF(LEN(A34&"")=0,0,IF(COUNTIFS(Base!$A$7:$A$1006,A34)>1,1,0)) -> 0 | N34: =IF(LEN(A34&"")=0,0,IF(ABS(L34)>0.005,1,0)) -> 0
A35: =IF(LEN(Base!A35&"")=0,"",Base!A35) -> 3259 | B35: =IF(LEN(A35&"")=0,"",Base!D35) -> 45376 | C35: =IF(LEN(A35&"")=0,"",Base!C35) -> Core | D35: =IF(LEN(A35&"")=0,"",Base!G35) -> Monthly | E35: =IF(LEN(A35&"")=0,"",Base!E35) -> No | F35: =IF(LEN(A35&"")=0,"",IF(Base!I35="-",0,Base!I35)) -> 0 | G35: =IF(LEN(A35&"")=0,"",SUM(Base!F35,F35,Base!K35)) -> 5 | H35: =IF(LEN(A35&"")=0,"",Base!L35) -> 1 | I35: =IF(LEN(A35&"")=0,"",G35-H35) -> 4 | J35: =IF(LEN(A35&"")=0,"",Base!M35) -> 4 | K35: =IF(OR(LEN(A35&"")=0,$P$3=0),0,IF(AND(B35>=Painel!$B$8,B35<=Painel!$G$8,OR(Painel!$L$8="Todos",C35=Painel!$L$8),OR(Painel!$Q$8="Todos",D35=Painel!$Q$8),OR(Painel!$V$8="Todas",E35=Painel!$V$8)),1,0)) -> 1 | L35: =IF(LEN(A35&"")=0,"",J35-I35) -> 0 | M35: =IF(LEN(A35&"")=0,0,IF(COUNTIFS(Base!$A$7:$A$1006,A35)>1,1,0)) -> 0 | N35: =IF(LEN(A35&"")=0,0,IF(ABS(L35)>0.005,1,0)) -> 0
A36: =IF(LEN(Base!A36&"")=0,"",Base!A36) -> 3260 | B36: =IF(LEN(A36&"")=0,"",Base!D36) -> 45377 | C36: =IF(LEN(A36&"")=0,"",Base!C36) -> Ultimate | D36: =IF(LEN(A36&"")=0,"",Base!G36) -> Quarterly | E36: =IF(LEN(A36&"")=0,"",Base!E36) -> Yes | F36: =IF(LEN(A36&"")=0,"",IF(Base!I36="-",0,Base!I36)) -> 30 | G36: =IF(LEN(A36&"")=0,"",SUM(Base!F36,F36,Base!K36)) -> 65 | H36: =IF(LEN(A36&"")=0,"",Base!L36) -> 7 | I36: =IF(LEN(A36&"")=0,"",G36-H36) -> 58 | J36: =IF(LEN(A36&"")=0,"",Base!M36) -> 58 | K36: =IF(OR(LEN(A36&"")=0,$P$3=0),0,IF(AND(B36>=Painel!$B$8,B36<=Painel!$G$8,OR(Painel!$L$8="Todos",C36=Painel!$L$8),OR(Painel!$Q$8="Todos",D36=Painel!$Q$8),OR(Painel!$V$8="Todas",E36=Painel!$V$8)),1,0)) -> 1 | L36: =IF(LEN(A36&"")=0,"",J36-I36) -> 0 | M36: =IF(LEN(A36&"")=0,0,IF(COUNTIFS(Base!$A$7:$A$1006,A36)>1,1,0)) -> 0 | N36: =IF(LEN(A36&"")=0,0,IF(ABS(L36)>0.005,1,0)) -> 0
A37: =IF(LEN(Base!A37&"")=0,"",Base!A37) -> 3261 | B37: =IF(LEN(A37&"")=0,"",Base!D37) -> 45378 | C37: =IF(LEN(A37&"")=0,"",Base!C37) -> Standard | D37: =IF(LEN(A37&"")=0,"",Base!G37) -> Monthly | E37: =IF(LEN(A37&"")=0,"",Base!E37) -> No | F37: =IF(LEN(A37&"")=0,"",IF(Base!I37="-",0,Base!I37)) -> 0 | G37: =IF(LEN(A37&"")=0,"",SUM(Base!F37,F37,Base!K37)) -> 30 | H37: =IF(LEN(A37&"")=0,"",Base!L37) -> 10 | I37: =IF(LEN(A37&"")=0,"",G37-H37) -> 20 | J37: =IF(LEN(A37&"")=0,"",Base!M37) -> 20 | K37: =IF(OR(LEN(A37&"")=0,$P$3=0),0,IF(AND(B37>=Painel!$B$8,B37<=Painel!$G$8,OR(Painel!$L$8="Todos",C37=Painel!$L$8),OR(Painel!$Q$8="Todos",D37=Painel!$Q$8),OR(Painel!$V$8="Todas",E37=Painel!$V$8)),1,0)) -> 1 | L37: =IF(LEN(A37&"")=0,"",J37-I37) -> 0 | M37: =IF(LEN(A37&"")=0,0,IF(COUNTIFS(Base!$A$7:$A$1006,A37)>1,1,0)) -> 0 | N37: =IF(LEN(A37&"")=0,0,IF(ABS(L37)>0.005,1,0)) -> 0
A38: =IF(LEN(Base!A38&"")=0,"",Base!A38) -> 3262 | B38: =IF(LEN(A38&"")=0,"",Base!D38) -> 45379 | C38: =IF(LEN(A38&"")=0,"",Base!C38) -> Core | D38: =IF(LEN(A38&"")=0,"",Base!G38) -> Annual | E38: =IF(LEN(A38&"")=0,"",Base!E38) -> Yes | F38: =IF(LEN(A38&"")=0,"",IF(Base!I38="-",0,Base!I38)) -> 0 | G38: =IF(LEN(A38&"")=0,"",SUM(Base!F38,F38,Base!K38)) -> 5 | H38: =IF(LEN(A38&"")=0,"",Base!L38) -> 0 | I38: =IF(LEN(A38&"")=0,"",G38-H38) -> 5 | J38: =IF(LEN(A38&"")=0,"",Base!M38) -> 5 | K38: =IF(OR(LEN(A38&"")=0,$P$3=0),0,IF(AND(B38>=Painel!$B$8,B38<=Painel!$G$8,OR(Painel!$L$8="Todos",C38=Painel!$L$8),OR(Painel!$Q$8="Todos",D38=Painel!$Q$8),OR(Painel!$V$8="Todas",E38=Painel!$V$8)),1,0)) -> 1 | L38: =IF(LEN(A38&"")=0,"",J38-I38) -> 0 | M38: =IF(LEN(A38&"")=0,0,IF(COUNTIFS(Base!$A$7:$A$1006,A38)>1,1,0)) -> 0 | N38: =IF(LEN(A38&"")=0,0,IF(ABS(L38)>0.005,1,0)) -> 0 | O38: Conciliação da base | P38: Obtido | Q38: Esperado
A39: =IF(LEN(Base!A39&"")=0,"",Base!A39) -> 3263 | B39: =IF(LEN(A39&"")=0,"",Base!D39) -> 45380 | C39: =IF(LEN(A39&"")=0,"",Base!C39) -> Ultimate | D39: =IF(LEN(A39&"")=0,"",Base!G39) -> Monthly | E39: =IF(LEN(A39&"")=0,"",Base!E39) -> No | F39: =IF(LEN(A39&"")=0,"",IF(Base!I39="-",0,Base!I39)) -> 30 | G39: =IF(LEN(A39&"")=0,"",SUM(Base!F39,F39,Base!K39)) -> 65 | H39: =IF(LEN(A39&"")=0,"",Base!L39) -> 3 | I39: =IF(LEN(A39&"")=0,"",G39-H39) -> 62 | J39: =IF(LEN(A39&"")=0,"",Base!M39) -> 62 | K39: =IF(OR(LEN(A39&"")=0,$P$3=0),0,IF(AND(B39>=Painel!$B$8,B39<=Painel!$G$8,OR(Painel!$L$8="Todos",C39=Painel!$L$8),OR(Painel!$Q$8="Todos",D39=Painel!$Q$8),OR(Painel!$V$8="Todas",E39=Painel!$V$8)),1,0)) -> 1 | L39: =IF(LEN(A39&"")=0,"",J39-I39) -> 0 | M39: =IF(LEN(A39&"")=0,0,IF(COUNTIFS(Base!$A$7:$A$1006,A39)>1,1,0)) -> 0 | N39: =IF(LEN(A39&"")=0,0,IF(ABS(L39)>0.005,1,0)) -> 0 | O39: IDs preenchidos | P39: =COUNTA(Base!A7:A1006) -> 295 | Q39: 295
A40: =IF(LEN(Base!A40&"")=0,"",Base!A40) -> 3264 | B40: =IF(LEN(A40&"")=0,"",Base!D40) -> 45381 | C40: =IF(LEN(A40&"")=0,"",Base!C40) -> Standard | D40: =IF(LEN(A40&"")=0,"",Base!G40) -> Quarterly | E40: =IF(LEN(A40&"")=0,"",Base!E40) -> Yes | F40: =IF(LEN(A40&"")=0,"",IF(Base!I40="-",0,Base!I40)) -> 0 | G40: =IF(LEN(A40&"")=0,"",SUM(Base!F40,F40,Base!K40)) -> 30 | H40: =IF(LEN(A40&"")=0,"",Base!L40) -> 15 | I40: =IF(LEN(A40&"")=0,"",G40-H40) -> 15 | J40: =IF(LEN(A40&"")=0,"",Base!M40) -> 15 | K40: =IF(OR(LEN(A40&"")=0,$P$3=0),0,IF(AND(B40>=Painel!$B$8,B40<=Painel!$G$8,OR(Painel!$L$8="Todos",C40=Painel!$L$8),OR(Painel!$Q$8="Todos",D40=Painel!$Q$8),OR(Painel!$V$8="Todas",E40=Painel!$V$8)),1,0)) -> 1 | L40: =IF(LEN(A40&"")=0,"",J40-I40) -> 0 | M40: =IF(LEN(A40&"")=0,0,IF(COUNTIFS(Base!$A$7:$A$1006,A40)>1,1,0)) -> 0 | N40: =IF(LEN(A40&"")=0,0,IF(ABS(L40)>0.005,1,0)) -> 0 | O40: Total informado | P40: =SUM(Base!M7:M1006) -> 7633 | Q40: 7633
A41: =IF(LEN(Base!A41&"")=0,"",Base!A41) -> 3265 | B41: =IF(LEN(A41&"")=0,"",Base!D41) -> 45382 | C41: =IF(LEN(A41&"")=0,"",Base!C41) -> Core | D41: =IF(LEN(A41&"")=0,"",Base!G41) -> Monthly | E41: =IF(LEN(A41&"")=0,"",Base!E41) -> No | F41: =IF(LEN(A41&"")=0,"",IF(Base!I41="-",0,Base!I41)) -> 0 | G41: =IF(LEN(A41&"")=0,"",SUM(Base!F41,F41,Base!K41)) -> 5 | H41: =IF(LEN(A41&"")=0,"",Base!L41) -> 1 | I41: =IF(LEN(A41&"")=0,"",G41-H41) -> 4 | J41: =IF(LEN(A41&"")=0,"",Base!M41) -> 4 | K41: =IF(OR(LEN(A41&"")=0,$P$3=0),0,IF(AND(B41>=Painel!$B$8,B41<=Painel!$G$8,OR(Painel!$L$8="Todos",C41=Painel!$L$8),OR(Painel!$Q$8="Todos",D41=Painel!$Q$8),OR(Painel!$V$8="Todas",E41=Painel!$V$8)),1,0)) -> 1 | L41: =IF(LEN(A41&"")=0,"",J41-I41) -> 0 | M41: =IF(LEN(A41&"")=0,0,IF(COUNTIFS(Base!$A$7:$A$1006,A41)>1,1,0)) -> 0 | N41: =IF(LEN(A41&"")=0,0,IF(ABS(L41)>0.005,1,0)) -> 0 | O41: Bruto menos cupons | P41: =SUM(I7:I1006) -> 7633 | Q41: 7633
A42: =IF(LEN(Base!A42&"")=0,"",Base!A42) -> 3266 | B42: =IF(LEN(A42&"")=0,"",Base!D42) -> 45383 | C42: =IF(LEN(A42&"")=0,"",Base!C42) -> Core | D42: =IF(LEN(A42&"")=0,"",Base!G42) -> Monthly | E42: =IF(LEN(A42&"")=0,"",Base!E42) -> Yes | F42: =IF(LEN(A42&"")=0,"",IF(Base!I42="-",0,Base!I42)) -> 0 | G42: =IF(LEN(A42&"")=0,"",SUM(Base!F42,F42,Base!K42)) -> 5 | H42: =IF(LEN(A42&"")=0,"",Base!L42) -> 0 | I42: =IF(LEN(A42&"")=0,"",G42-H42) -> 5 | J42: =IF(LEN(A42&"")=0,"",Base!M42) -> 5 | K42: =IF(OR(LEN(A42&"")=0,$P$3=0),0,IF(AND(B42>=Painel!$B$8,B42<=Painel!$G$8,OR(Painel!$L$8="Todos",C42=Painel!$L$8),OR(Painel!$Q$8="Todos",D42=Painel!$Q$8),OR(Painel!$V$8="Todas",E42=Painel!$V$8)),1,0)) -> 1 | L42: =IF(LEN(A42&"")=0,"",J42-I42) -> 0 | M42: =IF(LEN(A42&"")=0,0,IF(COUNTIFS(Base!$A$7:$A$1006,A42)>1,1,0)) -> 0 | N42: =IF(LEN(A42&"")=0,0,IF(ABS(L42)>0.005,1,0)) -> 0 | O42: Diferença de totais | P42: =P40-P41 -> 0 | Q42: 0
A43: =IF(LEN(Base!A43&"")=0,"",Base!A43) -> 3267 | B43: =IF(LEN(A43&"")=0,"",Base!D43) -> 45384 | C43: =IF(LEN(A43&"")=0,"",Base!C43) -> Ultimate | D43: =IF(LEN(A43&"")=0,"",Base!G43) -> Quarterly | E43: =IF(LEN(A43&"")=0,"",Base!E43) -> No | F43: =IF(LEN(A43&"")=0,"",IF(Base!I43="-",0,Base!I43)) -> 30 | G43: =IF(LEN(A43&"")=0,"",SUM(Base!F43,F43,Base!K43)) -> 65 | H43: =IF(LEN(A43&"")=0,"",Base!L43) -> 7 | I43: =IF(LEN(A43&"")=0,"",G43-H43) -> 58 | J43: =IF(LEN(A43&"")=0,"",Base!M43) -> 58 | K43: =IF(OR(LEN(A43&"")=0,$P$3=0),0,IF(AND(B43>=Painel!$B$8,B43<=Painel!$G$8,OR(Painel!$L$8="Todos",C43=Painel!$L$8),OR(Painel!$Q$8="Todos",D43=Painel!$Q$8),OR(Painel!$V$8="Todas",E43=Painel!$V$8)),1,0)) -> 1 | L43: =IF(LEN(A43&"")=0,"",J43-I43) -> 0 | M43: =IF(LEN(A43&"")=0,0,IF(COUNTIFS(Base!$A$7:$A$1006,A43)>1,1,0)) -> 0 | N43: =IF(LEN(A43&"")=0,0,IF(ABS(L43)>0.005,1,0)) -> 0 | O43: Linhas com diferença | P43: =SUM(N7:N1006) -> 0 | Q43: 0
A44: =IF(LEN(Base!A44&"")=0,"",Base!A44) -> 3268 | B44: =IF(LEN(A44&"")=0,"",Base!D44) -> 45385 | C44: =IF(LEN(A44&"")=0,"",Base!C44) -> Standard | D44: =IF(LEN(A44&"")=0,"",Base!G44) -> Annual | E44: =IF(LEN(A44&"")=0,"",Base!E44) -> Yes | F44: =IF(LEN(A44&"")=0,"",IF(Base!I44="-",0,Base!I44)) -> 0 | G44: =IF(LEN(A44&"")=0,"",SUM(Base!F44,F44,Base!K44)) -> 30 | H44: =IF(LEN(A44&"")=0,"",Base!L44) -> 10 | I44: =IF(LEN(A44&"")=0,"",G44-H44) -> 20 | J44: =IF(LEN(A44&"")=0,"",Base!M44) -> 20 | K44: =IF(OR(LEN(A44&"")=0,$P$3=0),0,IF(AND(B44>=Painel!$B$8,B44<=Painel!$G$8,OR(Painel!$L$8="Todos",C44=Painel!$L$8),OR(Painel!$Q$8="Todos",D44=Painel!$Q$8),OR(Painel!$V$8="Todas",E44=Painel!$V$8)),1,0)) -> 1 | L44: =IF(LEN(A44&"")=0,"",J44-I44) -> 0 | M44: =IF(LEN(A44&"")=0,0,IF(COUNTIFS(Base!$A$7:$A$1006,A44)>1,1,0)) -> 0 | N44: =IF(LEN(A44&"")=0,0,IF(ABS(L44)>0.005,1,0)) -> 0 | O44: Linhas com ID repetido | P44: =SUM(M7:M1006) -> 0 | Q44: 0
A45: =IF(LEN(Base!A45&"")=0,"",Base!A45) -> 3269 | B45: =IF(LEN(A45&"")=0,"",Base!D45) -> 45386 | C45: =IF(LEN(A45&"")=0,"",Base!C45) -> Core | D45: =IF(LEN(A45&"")=0,"",Base!G45) -> Quarterly | E45: =IF(LEN(A45&"")=0,"",Base!E45) -> No | F45: =IF(LEN(A45&"")=0,"",IF(Base!I45="-",0,Base!I45)) -> 0 | G45: =IF(LEN(A45&"")=0,"",SUM(Base!F45,F45,Base!K45)) -> 5 | H45: =IF(LEN(A45&"")=0,"",Base!L45) -> 1 | I45: =IF(LEN(A45&"")=0,"",G45-H45) -> 4 | J45: =IF(LEN(A45&"")=0,"",Base!M45) -> 4 | K45: =IF(OR(LEN(A45&"")=0,$P$3=0),0,IF(AND(B45>=Painel!$B$8,B45<=Painel!$G$8,OR(Painel!$L$8="Todos",C45=Painel!$L$8),OR(Painel!$Q$8="Todos",D45=Painel!$Q$8),OR(Painel!$V$8="Todas",E45=Painel!$V$8)),1,0)) -> 1 | L45: =IF(LEN(A45&"")=0,"",J45-I45) -> 0 | M45: =IF(LEN(A45&"")=0,0,IF(COUNTIFS(Base!$A$7:$A$1006,A45)>1,1,0)) -> 0 | N45: =IF(LEN(A45&"")=0,0,IF(ABS(L45)>0.005,1,0)) -> 0
A46: =IF(LEN(Base!A46&"")=0,"",Base!A46) -> 3270 | B46: =IF(LEN(A46&"")=0,"",Base!D46) -> 45387 | C46: =IF(LEN(A46&"")=0,"",Base!C46) -> Ultimate | D46: =IF(LEN(A46&"")=0,"",Base!G46) -> Monthly | E46: =IF(LEN(A46&"")=0,"",Base!E46) -> Yes | F46: =IF(LEN(A46&"")=0,"",IF(Base!I46="-",0,Base!I46)) -> 30 | G46: =IF(LEN(A46&"")=0,"",SUM(Base!F46,F46,Base!K46)) -> 65 | H46: =IF(LEN(A46&"")=0,"",Base!L46) -> 15 | I46: =IF(LEN(A46&"")=0,"",G46-H46) -> 50 | J46: =IF(LEN(A46&"")=0,"",Base!M46) -> 50 | K46: =IF(OR(LEN(A46&"")=0,$P$3=0),0,IF(AND(B46>=Painel!$B$8,B46<=Painel!$G$8,OR(Painel!$L$8="Todos",C46=Painel!$L$8),OR(Painel!$Q$8="Todos",D46=Painel!$Q$8),OR(Painel!$V$8="Todas",E46=Painel!$V$8)),1,0)) -> 1 | L46: =IF(LEN(A46&"")=0,"",J46-I46) -> 0 | M46: =IF(LEN(A46&"")=0,0,IF(COUNTIFS(Base!$A$7:$A$1006,A46)>1,1,0)) -> 0 | N46: =IF(LEN(A46&"")=0,0,IF(ABS(L46)>0.005,1,0)) -> 0
A47: =IF(LEN(Base!A47&"")=0,"",Base!A47) -> 3271 | B47: =IF(LEN(A47&"")=0,"",Base!D47) -> 45388 | C47: =IF(LEN(A47&"")=0,"",Base!C47) -> Standard | D47: =IF(LEN(A47&"")=0,"",Base!G47) -> Monthly | E47: =IF(LEN(A47&"")=0,"",Base!E47) -> No | F47: =IF(LEN(A47&"")=0,"",IF(Base!I47="-",0,Base!I47)) -> 0 | G47: =IF(LEN(A47&"")=0,"",SUM(Base!F47,F47,Base!K47)) -> 30 | H47: =IF(LEN(A47&"")=0,"",Base!L47) -> 5 | I47: =IF(LEN(A47&"")=0,"",G47-H47) -> 25 | J47: =IF(LEN(A47&"")=0,"",Base!M47) -> 25 | K47: =IF(OR(LEN(A47&"")=0,$P$3=0),0,IF(AND(B47>=Painel!$B$8,B47<=Painel!$G$8,OR(Painel!$L$8="Todos",C47=Painel!$L$8),OR(Painel!$Q$8="Todos",D47=Painel!$Q$8),OR(Painel!$V$8="Todas",E47=Painel!$V$8)),1,0)) -> 1 | L47: =IF(LEN(A47&"")=0,"",J47-I47) -> 0 | M47: =IF(LEN(A47&"")=0,0,IF(COUNTIFS(Base!$A$7:$A$1006,A47)>1,1,0)) -> 0 | N47: =IF(LEN(A47&"")=0,0,IF(ABS(L47)>0.005,1,0)) -> 0
A48: =IF(LEN(Base!A48&"")=0,"",Base!A48) -> 3272 | B48: =IF(LEN(A48&"")=0,"",Base!D48) -> 45389 | C48: =IF(LEN(A48&"")=0,"",Base!C48) -> Core | D48: =IF(LEN(A48&"")=0,"",Base!G48) -> Annual | E48: =IF(LEN(A48&"")=0,"",Base!E48) -> Yes | F48: =IF(LEN(A48&"")=0,"",IF(Base!I48="-",0,Base!I48)) -> 0 | G48: =IF(LEN(A48&"")=0,"",SUM(Base!F48,F48,Base!K48)) -> 5 | H48: =IF(LEN(A48&"")=0,"",Base!L48) -> 0 | I48: =IF(LEN(A48&"")=0,"",G48-H48) -> 5 | J48: =IF(LEN(A48&"")=0,"",Base!M48) -> 5 | K48: =IF(OR(LEN(A48&"")=0,$P$3=0),0,IF(AND(B48>=Painel!$B$8,B48<=Painel!$G$8,OR(Painel!$L$8="Todos",C48=Painel!$L$8),OR(Painel!$Q$8="Todos",D48=Painel!$Q$8),OR(Painel!$V$8="Todas",E48=Painel!$V$8)),1,0)) -> 1 | L48: =IF(LEN(A48&"")=0,"",J48-I48) -> 0 | M48: =IF(LEN(A48&"")=0,0,IF(COUNTIFS(Base!$A$7:$A$1006,A48)>1,1,0)) -> 0 | N48: =IF(LEN(A48&"")=0,0,IF(ABS(L48)>0.005,1,0)) -> 0
A49: =IF(LEN(Base!A49&"")=0,"",Base!A49) -> 3273 | B49: =IF(LEN(A49&"")=0,"",Base!D49) -> 45390 | C49: =IF(LEN(A49&"")=0,"",Base!C49) -> Ultimate | D49: =IF(LEN(A49&"")=0,"",Base!G49) -> Quarterly | E49: =IF(LEN(A49&"")=0,"",Base!E49) -> No | F49: =IF(LEN(A49&"")=0,"",IF(Base!I49="-",0,Base!I49)) -> 30 | G49: =IF(LEN(A49&"")=0,"",SUM(Base!F49,F49,Base!K49)) -> 65 | H49: =IF(LEN(A49&"")=0,"",Base!L49) -> 20 | I49: =IF(LEN(A49&"")=0,"",G49-H49) -> 45 | J49: =IF(LEN(A49&"")=0,"",Base!M49) -> 45 | K49: =IF(OR(LEN(A49&"")=0,$P$3=0),0,IF(AND(B49>=Painel!$B$8,B49<=Painel!$G$8,OR(Painel!$L$8="Todos",C49=Painel!$L$8),OR(Painel!$Q$8="Todos",D49=Painel!$Q$8),OR(Painel!$V$8="Todas",E49=Painel!$V$8)),1,0)) -> 1 | L49: =IF(LEN(A49&"")=0,"",J49-I49) -> 0 | M49: =IF(LEN(A49&"")=0,0,IF(COUNTIFS(Base!$A$7:$A$1006,A49)>1,1,0)) -> 0 | N49: =IF(LEN(A49&"")=0,0,IF(ABS(L49)>0.005,1,0)) -> 0
A50: =IF(LEN(Base!A50&"")=0,"",Base!A50) -> 3274 | B50: =IF(LEN(A50&"")=0,"",Base!D50) -> 45391 | C50: =IF(LEN(A50&"")=0,"",Base!C50) -> Standard | D50: =IF(LEN(A50&"")=0,"",Base!G50) -> Quarterly | E50: =IF(LEN(A50&"")=0,"",Base!E50) -> Yes | F50: =IF(LEN(A50&"")=0,"",IF(Base!I50="-",0,Base!I50)) -> 0 | G50: =IF(LEN(A50&"")=0,"",SUM(Base!F50,F50,Base!K50)) -> 30 | H50: =IF(LEN(A50&"")=0,"",Base!L50) -> 12 | I50: =IF(LEN(A50&"")=0,"",G50-H50) -> 18 | J50: =IF(LEN(A50&"")=0,"",Base!M50) -> 18 | K50: =IF(OR(LEN(A50&"")=0,$P$3=0),0,IF(AND(B50>=Painel!$B$8,B50<=Painel!$G$8,OR(Painel!$L$8="Todos",C50=Painel!$L$8),OR(Painel!$Q$8="Todos",D50=Painel!$Q$8),OR(Painel!$V$8="Todas",E50=Painel!$V$8)),1,0)) -> 1 | L50: =IF(LEN(A50&"")=0,"",J50-I50) -> 0 | M50: =IF(LEN(A50&"")=0,0,IF(COUNTIFS(Base!$A$7:$A$1006,A50)>1,1,0)) -> 0 | N50: =IF(LEN(A50&"")=0,0,IF(ABS(L50)>0.005,1,0)) -> 0
A51: =IF(LEN(Base!A51&"")=0,"",Base!A51) -> 3275 | B51: =IF(LEN(A51&"")=0,"",Base!D51) -> 45392 | C51: =IF(LEN(A51&"")=0,"",Base!C51) -> Core | D51: =IF(LEN(A51&"")=0,"",Base!G51) -> Monthly | E51: =IF(LEN(A51&"")=0,"",Base!E51) -> No | F51: =IF(LEN(A51&"")=0,"",IF(Base!I51="-",0,Base!I51)) -> 0 | G51: =IF(LEN(A51&"")=0,"",SUM(Base!F51,F51,Base!K51)) -> 5 | H51: =IF(LEN(A51&"")=0,"",Base!L51) -> 2 | I51: =IF(LEN(A51&"")=0,"",G51-H51) -> 3 | J51: =IF(LEN(A51&"")=0,"",Base!M51) -> 3 | K51: =IF(OR(LEN(A51&"")=0,$P$3=0),0,IF(AND(B51>=Painel!$B$8,B51<=Painel!$G$8,OR(Painel!$L$8="Todos",C51=Painel!$L$8),OR(Painel!$Q$8="Todos",D51=Painel!$Q$8),OR(Painel!$V$8="Todas",E51=Painel!$V$8)),1,0)) -> 1 | L51: =IF(LEN(A51&"")=0,"",J51-I51) -> 0 | M51: =IF(LEN(A51&"")=0,0,IF(COUNTIFS(Base!$A$7:$A$1006,A51)>1,1,0)) -> 0 | N51: =IF(LEN(A51&"")=0,0,IF(ABS(L51)>0.005,1,0)) -> 0
A52: =IF(LEN(Base!A52&"")=0,"",Base!A52) -> 3276 | B52: =IF(LEN(A52&"")=0,"",Base!D52) -> 45393 | C52: =IF(LEN(A52&"")=0,"",Base!C52) -> Ultimate | D52: =IF(LEN(A52&"")=0,"",Base!G52) -> Annual | E52: =IF(LEN(A52&"")=0,"",Base!E52) -> Yes | F52: =IF(LEN(A52&"")=0,"",IF(Base!I52="-",0,Base!I52)) -> 30 | G52: =IF(LEN(A52&"")=0,"",SUM(Base!F52,F52,Base!K52)) -> 65 | H52: =IF(LEN(A52&"")=0,"",Base!L52) -> 5 | I52: =IF(LEN(A52&"")=0,"",G52-H52) -> 60 | J52: =IF(LEN(A52&"")=0,"",Base!M52) -> 60 | K52: =IF(OR(LEN(A52&"")=0,$P$3=0),0,IF(AND(B52>=Painel!$B$8,B52<=Painel!$G$8,OR(Painel!$L$8="Todos",C52=Painel!$L$8),OR(Painel!$Q$8="Todos",D52=Painel!$Q$8),OR(Painel!$V$8="Todas",E52=Painel!$V$8)),1,0)) -> 1 | L52: =IF(LEN(A52&"")=0,"",J52-I52) -> 0 | M52: =IF(LEN(A52&"")=0,0,IF(COUNTIFS(Base!$A$7:$A$1006,A52)>1,1,0)) -> 0 | N52: =IF(LEN(A52&"")=0,0,IF(ABS(L52)>0.005,1,0)) -> 0
A53: =IF(LEN(Base!A53&"")=0,"",Base!A53) -> 3277 | B53: =IF(LEN(A53&"")=0,"",Base!D53) -> 45394 | C53: =IF(LEN(A53&"")=0,"",Base!C53) -> Standard | D53: =IF(LEN(A53&"")=0,"",Base!G53) -> Monthly | E53: =IF(LEN(A53&"")=0,"",Base!E53) -> No | F53: =IF(LEN(A53&"")=0,"",IF(Base!I53="-",0,Base!I53)) -> 0 | G53: =IF(LEN(A53&"")=0,"",SUM(Base!F53,F53,Base!K53)) -> 30 | H53: =IF(LEN(A53&"")=0,"",Base!L53) -> 10 | I53: =IF(LEN(A53&"")=0,"",G53-H53) -> 20 | J53: =IF(LEN(A53&"")=0,"",Base!M53) -> 20 | K53: =IF(OR(LEN(A53&"")=0,$P$3=0),0,IF(AND(B53>=Painel!$B$8,B53<=Painel!$G$8,OR(Painel!$L$8="Todos",C53=Painel!$L$8),OR(Painel!$Q$8="Todos",D53=Painel!$Q$8),OR(Painel!$V$8="Todas",E53=Painel!$V$8)),1,0)) -> 1 | L53: =IF(LEN(A53&"")=0,"",J53-I53) -> 0 | M53: =IF(LEN(A53&"")=0,0,IF(COUNTIFS(Base!$A$7:$A$1006,A53)>1,1,0)) -> 0 | N53: =IF(LEN(A53&"")=0,0,IF(ABS(L53)>0.005,1,0)) -> 0
A54: =IF(LEN(Base!A54&"")=0,"",Base!A54) -> 3278 | B54: =IF(LEN(A54&"")=0,"",Base!D54) -> 45395 | C54: =IF(LEN(A54&"")=0,"",Base!C54) -> Core | D54: =IF(LEN(A54&"")=0,"",Base!G54) -> Quarterly | E54: =IF(LEN(A54&"")=0,"",Base!E54) -> Yes | F54: =IF(LEN(A54&"")=0,"",IF(Base!I54="-",0,Base!I54)) -> 0 | G54: =IF(LEN(A54&"")=0,"",SUM(Base!F54,F54,Base!K54)) -> 5 | H54: =IF(LEN(A54&"")=0,"",Base!L54) -> 0 | I54: =IF(LEN(A54&"")=0,"",G54-H54) -> 5 | J54: =IF(LEN(A54&"")=0,"",Base!M54) -> 5 | K54: =IF(OR(LEN(A54&"")=0,$P$3=0),0,IF(AND(B54>=Painel!$B$8,B54<=Painel!$G$8,OR(Painel!$L$8="Todos",C54=Painel!$L$8),OR(Painel!$Q$8="Todos",D54=Painel!$Q$8),OR(Painel!$V$8="Todas",E54=Painel!$V$8)),1,0)) -> 1 | L54: =IF(LEN(A54&"")=0,"",J54-I54) -> 0 | M54: =IF(LEN(A54&"")=0,0,IF(COUNTIFS(Base!$A$7:$A$1006,A54)>1,1,0)) -> 0 | N54: =IF(LEN(A54&"")=0,0,IF(ABS(L54)>0.005,1,0)) -> 0
A55: =IF(LEN(Base!A55&"")=0,"",Base!A55) -> 3279 | B55: =IF(LEN(A55&"")=0,"",Base!D55) -> 45396 | C55: =IF(LEN(A55&"")=0,"",Base!C55) -> Ultimate | D55: =IF(LEN(A55&"")=0,"",Base!G55) -> Monthly | E55: =IF(LEN(A55&"")=0,"",Base!E55) -> No | F55: =IF(LEN(A55&"")=0,"",IF(Base!I55="-",0,Base!I55)) -> 30 | G55: =IF(LEN(A55&"")=0,"",SUM(Base!F55,F55,Base!K55)) -> 65 | H55: =IF(LEN(A55&"")=0,"",Base!L55) -> 3 | I55: =IF(LEN(A55&"")=0,"",G55-H55) -> 62 | J55: =IF(LEN(A55&"")=0,"",Base!M55) -> 62 | K55: =IF(OR(LEN(A55&"")=0,$P$3=0),0,IF(AND(B55>=Painel!$B$8,B55<=Painel!$G$8,OR(Painel!$L$8="Todos",C55=Painel!$L$8),OR(Painel!$Q$8="Todos",D55=Painel!$Q$8),OR(Painel!$V$8="Todas",E55=Painel!$V$8)),1,0)) -> 1 | L55: =IF(LEN(A55&"")=0,"",J55-I55) -> 0 | M55: =IF(LEN(A55&"")=0,0,IF(COUNTIFS(Base!$A$7:$A$1006,A55)>1,1,0)) -> 0 | N55: =IF(LEN(A55&"")=0,0,IF(ABS(L55)>0.005,1,0)) -> 0
A56: =IF(LEN(Base!A56&"")=0,"",Base!A56) -> 3280 | B56: =IF(LEN(A56&"")=0,"",Base!D56) -> 45397 | C56: =IF(LEN(A56&"")=0,"",Base!C56) -> Standard | D56: =IF(LEN(A56&"")=0,"",Base!G56) -> Annual | E56: =IF(LEN(A56&"")=0,"",Base!E56) -> Yes | F56: =IF(LEN(A56&"")=0,"",IF(Base!I56="-",0,Base!I56)) -> 0 | G56: =IF(LEN(A56&"")=0,"",SUM(Base!F56,F56,Base!K56)) -> 30 | H56: =IF(LEN(A56&"")=0,"",Base!L56) -> 15 | I56: =IF(LEN(A56&"")=0,"",G56-H56) -> 15 | J56: =IF(LEN(A56&"")=0,"",Base!M56) -> 15 | K56: =IF(OR(LEN(A56&"")=0,$P$3=0),0,IF(AND(B56>=Painel!$B$8,B56<=Painel!$G$8,OR(Painel!$L$8="Todos",C56=Painel!$L$8),OR(Painel!$Q$8="Todos",D56=Painel!$Q$8),OR(Painel!$V$8="Todas",E56=Painel!$V$8)),1,0)) -> 1 | L56: =IF(LEN(A56&"")=0,"",J56-I56) -> 0 | M56: =IF(LEN(A56&"")=0,0,IF(COUNTIFS(Base!$A$7:$A$1006,A56)>1,1,0)) -> 0 | N56: =IF(LEN(A56&"")=0,0,IF(ABS(L56)>0.005,1,0)) -> 0
... A1006: =IF(LEN(Base!A1006&"")=0,"",Base!A1006) | B1006: =IF(LEN(A1006&"")=0,"",Base!D1006) | C1006: =IF(LEN(A1006&"")=0,"",Base!C1006) | D1006: =IF(LEN(A1006&"")=0,"",Base!G1006) | E1006: =IF(LEN(A1006&"")=0,"",Base!E1006) | F1006: =IF(LEN(A1006&"")=0,"",IF(Base!I1006="-",0,Base!I1006)) | G1006: =IF(LEN(A1006&"")=0,"",SUM(Base!F1006,F1006,Base!K1006)) | H1006: =IF(LEN(A1006&"")=0,"",Base!L1006) | I1006: =IF(LEN(A1006&"")=0,"",G1006-H1006) | J1006: =IF(LEN(A1006&"")=0,"",Base!M1006) | K1006: =IF(OR(LEN(A1006&"")=0,$P$3=0),0,IF(AND(B1006>=Painel!$B$8,B1006<=Painel!$G$8,OR(Painel!$L$8="Todos",C1006=Painel!$L$8),OR(Painel!$Q$8="Todos",D1006=Painel!$Q$8),OR(Painel!$V$8="Todas",E1006=Painel!$V$8)),1,0)) -> 0 | L1006: =IF(LEN(A1006&"")=0,"",J1006-I1006) | M1006: =IF(LEN(A1006&"")=0,0,IF(COUNTIFS(Base!$A$7:$A$1006,A1006)>1,1,0)) -> 0 | N1006: =IF(LEN(A1006&"")=0,0,IF(ABS(L1006)>0.005,1,0)) -> 0

Sheet Base
A1: Base de assinaturas
A3: Fonte DIO: https://hermes.dio.me/files/assets/805d54f9-6d53-4246-bed7-4aa2da615923.xlsx
A4: 295 registros fornecidos. Cálculos preparados até a linha 1006 (1.000 registros). Preserve os nomes e a ordem dos campos.
A5: =HYPERLINK("#'Painel'!B3","Voltar ao painel") -> Voltar ao painel
A6: Subscriber ID | B6: Name | C6: Plan | D6: Start Date | E6: Auto Renewal | F6: Subscription Price | G6: Subscription Type | H6: EA Play Season Pass | I6: EA Play Season Pass Price | J6: Minecraft Season Pass | K6: Minecraft Season Pass Price | L6: Coupon Value | M6: Total Value
A7: 3231 | B7: João Silva | C7: Ultimate | D7: 45292 | E7: Yes | F7: 15 | G7: Monthly | H7: Yes | I7: 30 | J7: Yes | K7: 20 | L7: 5 | M7: 60
A8: 3232 | B8: Maria Oliveira | C8: Core | D8: 45306 | E8: No | F8: 5 | G8: Annual | H8: No | I8: - | J8: No | K8: 0 | L8: 0 | M8: 5
A9: 3233 | B9: Lucas Fernandes | C9: Standard | D9: 45332 | E9: Yes | F9: 10 | G9: Quarterly | H9: No | I9: - | J9: Yes | K9: 20 | L9: 10 | M9: 20
A10: 3234 | B10: Ana Souza | C10: Ultimate | D10: 45342 | E10: No | F10: 15 | G10: Monthly | H10: Yes | I10: 30 | J10: Yes | K10: 20 | L10: 3 | M10: 62
A11: 3235 | B11: Pedro Gonçalves | C11: Core | D11: 45356 | E11: Yes | F11: 5 | G11: Monthly | H11: No | I11: - | J11: No | K11: 0 | L11: 1 | M11: 4
A12: 3236 | B12: Felipe Costa | C12: Standard | D12: 45353 | E12: No | F12: 10 | G12: Monthly | H12: No | I12: - | J12: Yes | K12: 20 | L12: 2 | M12: 28
A13: 3237 | B13: Camila Ribeiro | C13: Ultimate | D13: 45354 | E13: Yes | F13: 15 | G13: Quarterly | H13: Yes | I13: 30 | J13: Yes | K13: 20 | L13: 10 | M13: 55
A14: 3238 | B14: André Mendes | C14: Core | D14: 45355 | E14: Yes | F14: 5 | G14: Annual | H14: No | I14: - | J14: No | K14: 0 | L14: 0 | M14: 5
A15: 3239 | B15: Sofia Almeida | C15: Ultimate | D15: 45356 | E15: No | F15: 15 | G15: Monthly | H15: Yes | I15: 30 | J15: Yes | K15: 20 | L15: 5 | M15: 60
A16: 3240 | B16: Bruno Martins | C16: Standard | D16: 45357 | E16: Yes | F16: 10 | G16: Quarterly | H16: No | I16: - | J16: Yes | K16: 20 | L16: 15 | M16: 15
A17: 3241 | B17: Rita Castro | C17: Core | D17: 45358 | E17: No | F17: 5 | G17: Monthly | H17: No | I17: - | J17: No | K17: 0 | L17: 1 | M17: 4
A18: 3242 | B18: Marco Túlio | C18: Ultimate | D18: 45359 | E18: Yes | F18: 15 | G18: Annual | H18: Yes | I18: 30 | J18: Yes | K18: 20 | L18: 20 | M18: 45
A19: 3243 | B19: Lívia Silveira | C19: Standard | D19: 45360 | E19: No | F19: 10 | G19: Monthly | H19: No | I19: - | J19: Yes | K19: 20 | L19: 10 | M19: 20
A20: 3244 | B20: Diogo Sousa | C20: Core | D20: 45361 | E20: Yes | F20: 5 | G20: Quarterly | H20: No | I20: - | J20: No | K20: 0 | L20: 0 | M20: 5
A21: 3245 | B21: Fernanda Lima | C21: Ultimate | D21: 45362 | E21: No | F21: 15 | G21: Monthly | H21: Yes | I21: 30 | J21: Yes | K21: 20 | L21: 8 | M21: 57
A22: 3246 | B22: Caio Pereira | C22: Standard | D22: 45363 | E22: Yes | F22: 10 | G22: Annual | H22: No | I22: - | J22: Yes | K22: 20 | L22: 12 | M22: 18
A23: 3247 | B23: Beatriz Gomes | C23: Core | D23: 45364 | E23: No | F23: 5 | G23: Monthly | H23: No | I23: - | J23: No | K23: 0 | L23: 2 | M23: 3
A24: 3248 | B24: Cesar Oliveira | C24: Ultimate | D24: 45365 | E24: Yes | F24: 15 | G24: Quarterly | H24: Yes | I24: 30 | J24: Yes | K24: 20 | L24: 7 | M24: 58
A25: 3249 | B25: Débora Machado | C25: Standard | D25: 45366 | E25: No | F25: 10 | G25: Monthly | H25: No | I25: - | J25: Yes | K25: 20 | L25: 5 | M25: 25
A26: 3250 | B26: Eduardo Vargas | C26: Core | D26: 45367 | E26: Yes | F26: 5 | G26: Annual | H26: No | I26: - | J26: No | K26: 0 | L26: 0 | M26: 5
A27: 3251 | B27: Gabriela Santos | C27: Ultimate | D27: 45368 | E27: No | F27: 15 | G27: Monthly | H27: Yes | I27: 30 | J27: Yes | K27: 20 | L27: 3 | M27: 62
A28: 3252 | B28: Henrique Dias | C28: Standard | D28: 45369 | E28: Yes | F28: 10 | G28: Quarterly | H28: No | I28: - | J28: Yes | K28: 20 | L28: 15 | M28: 15
A29: 3253 | B29: Isabela Moreira | C29: Core | D29: 45370 | E29: No | F29: 5 | G29: Monthly | H29: No | I29: - | J29: No | K29: 0 | L29: 1 | M29: 4
A30: 3254 | B30: Joaquim Barbosa | C30: Ultimate | D30: 45371 | E30: Yes | F30: 15 | G30: Annual | H30: Yes | I30: 30 | J30: Yes | K30: 20 | L30: 20 | M30: 45
A31: 3255 | B31: Lara Rocha | C31: Standard | D31: 45372 | E31: No | F31: 10 | G31: Monthly | H31: No | I31: - | J31: Yes | K31: 20 | L31: 10 | M31: 20
A32: 3256 | B32: Matheus Silva | C32: Core | D32: 45373 | E32: Yes | F32: 5 | G32: Quarterly | H32: No | I32: - | J32: No | K32: 0 | L32: 0 | M32: 5
A33: 3257 | B33: Nicole Costa | C33: Ultimate | D33: 45374 | E33: No | F33: 15 | G33: Monthly | H33: Yes | I33: 30 | J33: Yes | K33: 20 | L33: 5 | M33: 60
A34: 3258 | B34: Otávio Mendonça | C34: Standard | D34: 45375 | E34: Yes | F34: 10 | G34: Annual | H34: No | I34: - | J34: Yes | K34: 20 | L34: 15 | M34: 15
A35: 3259 | B35: Paula Ferreira | C35: Core | D35: 45376 | E35: No | F35: 5 | G35: Monthly | H35: No | I35: - | J35: No | K35: 0 | L35: 1 | M35: 4
A36: 3260 | B36: Raquel Alves | C36: Ultimate | D36: 45377 | E36: Yes | F36: 15 | G36: Quarterly | H36: Yes | I36: 30 | J36: Yes | K36: 20 | L36: 7 | M36: 58
A37: 3261 | B37: Samuel Pires | C37: Standard | D37: 45378 | E37: No | F37: 10 | G37: Monthly | H37: No | I37: - | J37: Yes | K37: 20 | L37: 10 | M37: 20
A38: 3262 | B38: Tânia Barros | C38: Core | D38: 45379 | E38: Yes | F38: 5 | G38: Annual | H38: No | I38: - | J38: No | K38: 0 | L38: 0 | M38: 5
A39: 3263 | B39: Vinicius Lima | C39: Ultimate | D39: 45380 | E39: No | F39: 15 | G39: Monthly | H39: Yes | I39: 30 | J39: Yes | K39: 20 | L39: 3 | M39: 62
A40: 3264 | B40: Yasmin Teixeira | C40: Standard | D40: 45381 | E40: Yes | F40: 10 | G40: Quarterly | H40: No | I40: - | J40: Yes | K40: 20 | L40: 15 | M40: 15
A41: 3265 | B41: Zé Carlos | C41: Core | D41: 45382 | E41: No | F41: 5 | G41: Monthly | H41: No | I41: - | J41: No | K41: 0 | L41: 1 | M41: 4
A42: 3266 | B42: Amanda Nogueira | C42: Core | D42: 45383 | E42: Yes | F42: 5 | G42: Monthly | H42: No | I42: - | J42: No | K42: 0 | L42: 0 | M42: 5
A43: 3267 | B43: Bruno Cavalheiro | C43: Ultimate | D43: 45384 | E43: No | F43: 15 | G43: Quarterly | H43: Yes | I43: 30 | J43: Yes | K43: 20 | L43: 7 | M43: 58
A44: 3268 | B44: Carla Dias | C44: Standard | D44: 45385 | E44: Yes | F44: 10 | G44: Annual | H44: No | I44: - | J44: Yes | K44: 20 | L44: 10 | M44: 20
A45: 3269 | B45: Diego Fontes | C45: Core | D45: 45386 | E45: No | F45: 5 | G45: Quarterly | H45: No | I45: - | J45: No | K45: 0 | L45: 1 | M45: 4
A46: 3270 | B46: Eunice Lima | C46: Ultimate | D46: 45387 | E46: Yes | F46: 15 | G46: Monthly | H46: Yes | I46: 30 | J46: Yes | K46: 20 | L46: 15 | M46: 50
A47: 3271 | B47: Fábio Martins | C47: Standard | D47: 45388 | E47: No | F47: 10 | G47: Monthly | H47: No | I47: - | J47: Yes | K47: 20 | L47: 5 | M47: 25
A48: 3272 | B48: Gisele Araújo | C48: Core | D48: 45389 | E48: Yes | F48: 5 | G48: Annual | H48: No | I48: - | J48: No | K48: 0 | L48: 0 | M48: 5
A49: 3273 | B49: Hélio Castro | C49: Ultimate | D49: 45390 | E49: No | F49: 15 | G49: Quarterly | H49: Yes | I49: 30 | J49: Yes | K49: 20 | L49: 20 | M49: 45
A50: 3274 | B50: Ingrid Menezes | C50: Standard | D50: 45391 | E50: Yes | F50: 10 | G50: Quarterly | H50: No | I50: - | J50: Yes | K50: 20 | L50: 12 | M50: 18
A51: 3275 | B51: Jorge Baptista | C51: Core | D51: 45392 | E51: No | F51: 5 | G51: Monthly | H51: No | I51: - | J51: No | K51: 0 | L51: 2 | M51: 3
A52: 3276 | B52: Kléber Oliveira | C52: Ultimate | D52: 45393 | E52: Yes | F52: 15 | G52: Annual | H52: Yes | I52: 30 | J52: Yes | K52: 20 | L52: 5 | M52: 60
A53: 3277 | B53: Luciana Freitas | C53: Standard | D53: 45394 | E53: No | F53: 10 | G53: Monthly | H53: No | I53: - | J53: Yes | K53: 20 | L53: 10 | M53: 20
A54: 3278 | B54: Márcia Eller | C54: Core | D54: 45395 | E54: Yes | F54: 5 | G54: Quarterly | H54: No | I54: - | J54: No | K54: 0 | L54: 0 | M54: 5
A55: 3279 | B55: Nilo Peçanha | C55: Ultimate | D55: 45396 | E55: No | F55: 15 | G55: Monthly | H55: Yes | I55: 30 | J55: Yes | K55: 20 | L55: 3 | M55: 62
A56: 3280 | B56: Oscar Neves | C56: Standard | D56: 45397 | E56: Yes | F56: 10 | G56: Annual | H56: No | I56: - | J56: Yes | K56: 20 | L56: 15 | M56: 15
A57: 3281 | B57: Patrícia Soares | C57: Core | D57: 45398 | E57: No | F57: 5 | G57: Monthly | H57: No | I57: - | J57: No | K57: 0 | L57: 1 | M57: 4
A58: 3282 | B58: Quirino Gonçalves | C58: Ultimate | D58: 45399 | E58: Yes | F58: 15 | G58: Quarterly | H58: Yes | I58: 30 | J58: Yes | K58: 20 | L58: 7 | M58: 58
A59: 3283 | B59: Raul Machado | C59: Standard | D59: 45400 | E59: No | F59: 10 | G59: Monthly | H59: No | I59: - | J59: Yes | K59: 20 | L59: 10 | M59: 20
A60: 3284 | B60: Sônia Lobo | C60: Core | D60: 45401 | E60: Yes | F60: 5 | G60: Annual | H60: No | I60: - | J60: No | K60: 0 | L60: 0 | M60: 5
A61: 3285 | B61: Tiago Ramos | C61: Ultimate | D61: 45402 | E61: No | F61: 15 | G61: Monthly | H61: Yes | I61: 30 | J61: Yes | K61: 20 | L61: 20 | M61: 45
A62: 3286 | B62: Ugo Pires | C62: Standard | D62: 45403 | E62: Yes | F62: 10 | G62: Quarterly | H62: No | I62: - | J62: Yes | K62: 20 | L62: 15 | M62: 15
A63: 3287 | B63: Valéria Nobre | C63: Core | D63: 45404 | E63: No | F63: 5 | G63: Monthly | H63: No | I63: - | J63: No | K63: 0 | L63: 1 | M63: 4
A64: 3288 | B64: William Siqueira | C64: Ultimate | D64: 45405 | E64: Yes | F64: 15 | G64: Annual | H64: Yes | I64: 30 | J64: Yes | K64: 20 | L64: 3 | M64: 62
A65: 3289 | B65: Xuxa Meneghel | C65: Standard | D65: 45406 | E65: No | F65: 10 | G65: Monthly | H65: No | I65: - | J65: Yes | K65: 20 | L65: 10 | M65: 20
A66: 3290 | B66: Yara Figueiredo | C66: Core | D66: 45407 | E66: Yes | F66: 5 | G66: Quarterly | H66: No | I66: - | J66: No | K66: 0 | L66: 0 | M66: 5
A67: 3291 | B67: Zacarias Alves | C67: Ultimate | D67: 45408 | E67: No | F67: 15 | G67: Monthly | H67: Yes | I67: 30 | J67: Yes | K67: 20 | L67: 5 | M67: 60
A68: 3292 | B68: Amanda Bynes | C68: Standard | D68: 45409 | E68: Yes | F68: 10 | G68: Annual | H68: No | I68: - | J68: Yes | K68: 20 | L68: 15 | M68: 15
A69: 3293 | B69: Bruno Mars | C69: Core | D69: 45410 | E69: No | F69: 5 | G69: Monthly | H69: No | I69: - | J69: No | K69: 0 | L69: 1 | M69: 4
A70: 3294 | B70: Carla Bruni | C70: Ultimate | D70: 45411 | E70: Yes | F70: 15 | G70: Quarterly | H70: Yes | I70: 30 | J70: Yes | K70: 20 | L70: 20 | M70: 45
A71: 3295 | B71: Diego Maradona | C71: Standard | D71: 45412 | E71: No | F71: 10 | G71: Monthly | H71: No | I71: - | J71: Yes | K71: 20 | L71: 5 | M71: 25
A72: 3296 | B72: Estela Marques | C72: Core | D72: 45413 | E72: No | F72: 5 | G72: Monthly | H72: No | I72: - | J72: No | K72: 0 | L72: 0 | M72: 5
A73: 3297 | B73: Fábio Nobre | C73: Ultimate | D73: 45414 | E73: Yes | F73: 15 | G73: Quarterly | H73: Yes | I73: 30 | J73: Yes | K73: 20 | L73: 7 | M73: 58
A74: 3298 | B74: Gabriel Oliveira | C74: Standard | D74: 45415 | E74: No | F74: 10 | G74: Annual | H74: No | I74: - | J74: Yes | K74: 20 | L74: 10 | M74: 20
A75: 3299 | B75: Helena Santos | C75: Core | D75: 45416 | E75: Yes | F75: 5 | G75: Quarterly | H75: No | I75: - | J75: No | K75: 0 | L75: 1 | M75: 4
A76: 3300 | B76: Ivan Carvalho | C76: Ultimate | D76: 45417 | E76: No | F76: 15 | G76: Monthly | H76: Yes | I76: 30 | J76: Yes | K76: 20 | L76: 15 | M76: 50
A77: 3301 | B77: Júlia Ferreira | C77: Standard | D77: 45418 | E77: Yes | F77: 10 | G77: Monthly | H77: No | I77: - | J77: Yes | K77: 20 | L77: 5 | M77: 25
A78: 3302 | B78: Karla Alves | C78: Core | D78: 45419 | E78: No | F78: 5 | G78: Annual | H78: No | I78: - | J78: No | K78: 0 | L78: 0 | M78: 5
A79: 3303 | B79: Lucas Mendes | C79: Ultimate | D79: 45420 | E79: Yes | F79: 15 | G79: Quarterly | H79: Yes | I79: 30 | J79: Yes | K79: 20 | L79: 20 | M79: 45
A80: 3304 | B80: Mônica Gomes | C80: Standard | D80: 45421 | E80: No | F80: 10 | G80: Quarterly | H80: No | I80: - | J80: Yes | K80: 20 | L80: 12 | M80: 18
A81: 3305 | B81: Norberto Queiroz | C81: Core | D81: 45422 | E81: Yes | F81: 5 | G81: Monthly | H81: No | I81: - | J81: No | K81: 0 | L81: 2 | M81: 3
A82: 3306 | B82: Otávio Barros | C82: Ultimate | D82: 45423 | E82: No | F82: 15 | G82: Annual | H82: Yes | I82: 30 | J82: Yes | K82: 20 | L82: 5 | M82: 60
A83: 3307 | B83: Paula Vieira | C83: Standard | D83: 45424 | E83: Yes | F83: 10 | G83: Monthly | H83: No | I83: - | J83: Yes | K83: 20 | L83: 10 | M83: 20
A84: 3308 | B84: Quentin Ramos | C84: Core | D84: 45425 | E84: No | F84: 5 | G84: Quarterly | H84: No | I84: - | J84: No | K84: 0 | L84: 0 | M84: 5
A85: 3309 | B85: Raquel Novaes | C85: Ultimate | D85: 45426 | E85: Yes | F85: 15 | G85: Monthly | H85: Yes | I85: 30 | J85: Yes | K85: 20 | L85: 3 | M85: 62
A86: 3310 | B86: Samantha Lopes | C86: Standard | D86: 45427 | E86: No | F86: 10 | G86: Annual | H86: No | I86: - | J86: Yes | K86: 20 | L86: 15 | M86: 15
A87: 3311 | B87: Tiago Martins | C87: Core | D87: 45428 | E87: Yes | F87: 5 | G87: Monthly | H87: No | I87: - | J87: No | K87: 0 | L87: 1 | M87: 4
A88: 3312 | B88: Ulysses Guimarães | C88: Ultimate | D88: 45429 | E88: No | F88: 15 | G88: Quarterly | H88: Yes | I88: 30 | J88: Yes | K88: 20 | L88: 7 | M88: 58
A89: 3313 | B89: Vanessa Silva | C89: Standard | D89: 45430 | E89: Yes | F89: 10 | G89: Monthly | H89: No | I89: - | J89: Yes | K89: 20 | L89: 10 | M89: 20
A90: 3314 | B90: William Carneiro | C90: Core | D90: 45431 | E90: No | F90: 5 | G90: Annual | H90: No | I90: - | J90: No | K90: 0 | L90: 0 | M90: 5
A91: 3315 | B91: Ximena Rocha | C91: Ultimate | D91: 45432 | E91: Yes | F91: 15 | G91: Monthly | H91: Yes | I91: 30 | J91: Yes | K91: 20 | L91: 20 | M91: 45
A92: 3316 | B92: Yasmin Figueiredo | C92: Standard | D92: 45433 | E92: No | F92: 10 | G92: Quarterly | H92: No | I92: - | J92: Yes | K92: 20 | L92: 15 | M92: 15
A93: 3317 | B93: Zara Cunha | C93: Core | D93: 45434 | E93: Yes | F93: 5 | G93: Monthly | H93: No | I93: - | J93: No | K93: 0 | L93: 1 | M93: 4
A94: 3318 | B94: Alan Teixeira | C94: Ultimate | D94: 45435 | E94: No | F94: 15 | G94: Annual | H94: Yes | I94: 30 | J94: Yes | K94: 20 | L94: 3 | M94: 62
A95: 3319 | B95: Bárbara Oliveira | C95: Standard | D95: 45436 | E95: Yes | F95: 10 | G95: Monthly | H95: No | I95: - | J95: Yes | K95: 20 | L95: 10 | M95: 20
A96: 3320 | B96: Carlos Junqueira | C96: Core | D96: 45437 | E96: No | F96: 5 | G96: Quarterly | H96: No | I96: - | J96: No | K96: 0 | L96: 0 | M96: 5
A97: 3321 | B97: Daniela Moura | C97: Ultimate | D97: 45438 | E97: Yes | F97: 15 | G97: Monthly | H97: Yes | I97: 30 | J97: Yes | K97: 20 | L97: 5 | M97: 60
A98: 3322 | B98: Eduardo Lima | C98: Standard | D98: 45439 | E98: No | F98: 10 | G98: Annual | H98: No | I98: - | J98: Yes | K98: 20 | L98: 15 | M98: 15
A99: 3323 | B99: Fabiana Araújo | C99: Core | D99: 45440 | E99: Yes | F99: 5 | G99: Monthly | H99: No | I99: - | J99: No | K99: 0 | L99: 1 | M99: 4
A100: 3324 | B100: Geraldo Ribeiro | C100: Ultimate | D100: 45441 | E100: No | F100: 15 | G100: Quarterly | H100: Yes | I100: 30 | J100: Yes | K100: 20 | L100: 20 | M100: 45
A101: 3325 | B101: Héctor Vargas | C101: Standard | D101: 45442 | E101: Yes | F101: 10 | G101: Quarterly | H101: No | I101: - | J101: Yes | K101: 20 | L101: 15 | M101: 15
...
